,Week,Team,Player,Slot,Status,Proj,Actual
0,1,1,Patrick Mahomes,QB,ACTIVE,21.916862729,33.28
1,1,1,Joe Mixon,RB,QUESTIONABLE,12.988581577500002,23.000000000000004
2,1,1,James Robinson,RB/WR,ACTIVE,14.124607638,5.9
3,1,1,CeeDee Lamb,WR,ACTIVE,12.186239326,19.9
4,1,1,Trey Lance,Bench,QUESTIONABLE,2.886127312,4.4
5,1,1,Raheem Mostert,Flex,INJURY_RESERVE,12.804405466000002,2.0
6,1,1,Damien Harris,Bench,QUESTIONABLE,10.636699339,10.7
7,1,1,William Fuller V,Bench,INJURY_RESERVE,0.0,0.0
8,1,1,Sam Darnold,OP,ACTIVE,15.387536036,19.060000000000002
9,1,1,Curtis Samuel,IR,QUESTIONABLE,0.0,0.0
10,1,1,Bryan Edwards,Bench,ACTIVE,6.814715598,10.1
11,1,1,Parris Campbell,Bench,ACTIVE,8.2135235169,2.9000000000000004
12,1,1,Zach Ertz,TE,ACTIVE,5.477849828999999,4.4
13,1,1,Packers D/ST,Def,ACTIVE,6.5723620910000005,-3.0
14,1,1,Ja'Marr Chase,WR,ACTIVE,8.508537052400001,18.400000000000002
15,1,1,Ty Johnson,Bench,ACTIVE,5.058705099,3.1
16,1,1,Dawson Knox,Bench,ACTIVE,5.024525461500001,6.1000000000000005
17,1,2,Davante Adams,WR,ACTIVE,16.339210252,8.100000000000001
18,1,2,DK Metcalf,WR,QUESTIONABLE,13.7286827435,14.0
19,1,2,Clyde Edwards-Helaire,RB,INJURY_RESERVE,12.188139441499999,8.7
20,1,2,Amari Cooper,RB/WR,ACTIVE,12.129476954,32.4
21,1,2,Kyle Pitts,TE,ACTIVE,8.958312149000001,5.1
22,1,2,Kirk Cousins,QB,ACTIVE,16.100824615500002,22.04
23,1,2,Darrell Henderson Jr.,Flex,ACTIVE,11.875233126000001,15.2
24,1,2,Tyler Boyd,Bench,ACTIVE,9.7630331309,4.7
25,1,2,Deebo Samuel,Bench,ACTIVE,10.4465485281,27.400000000000002
26,1,2,DJ Chark Jr.,Bench,INJURY_RESERVE,9.9260386675,16.1
27,1,2,Nyheim Hines,Bench,ACTIVE,7.818786749499999,11.200000000000001
28,1,2,Tyrell Williams,Bench,INJURY_RESERVE,8.308115912000002,2.4000000000000004
29,1,2,Tony Pollard,Bench,ACTIVE,5.302128599000001,6.300000000000001
30,1,2,Dolphins D/ST,Def,ACTIVE,6.959272692999999,6.0
31,1,2,Jimmy Garoppolo,OP,QUESTIONABLE,14.480917132900002,14.760000000000002
32,1,2,Le'Veon Bell,Bench,ACTIVE,1.8485031549999997,0.0
33,1,3,Derrick Henry,RB,ACTIVE,16.438989144500002,9.200000000000001
34,1,3,Calvin Ridley,WR,QUESTIONABLE,13.274803271900002,7.6000000000000005
35,1,3,George Kittle,TE,INJURY_RESERVE,11.752237323000001,9.8
36,1,3,Matt Ryan,OP,ACTIVE,16.2919341828,6.36
37,1,3,Chase Edmonds,RB/WR,QUESTIONABLE,11.070635000000001,12.600000000000001
38,1,3,Jameis Winston,QB,ACTIVE,14.540125511,29.619999999999997
39,1,3,Brandin Cooks,WR,ACTIVE,10.166813079,15.700000000000001
40,1,3,Zach Wilson,Bench,ACTIVE,15.512773612,17.32
41,1,3,Michael Thomas,IR,OUT,0.0,0.0
42,1,3,Darnell Mooney,Flex,QUESTIONABLE,7.8175262261,5.1
43,1,3,Rob Gronkowski,Bench,OUT,6.481092765,25.0
44,1,3,Rams D/ST,Def,ACTIVE,7.650885061,8.0
45,1,3,Patriots D/ST,Bench,ACTIVE,6.603912263,7.0
46,1,3,Allen Lazard,Bench,ACTIVE,3.8132854396000004,2.6
47,1,3,Tyler Conklin,Bench,ACTIVE,5.652988607500001,6.1000000000000005
48,1,3,Tony Jones Jr.,Bench,INJURY_RESERVE,5.329711720300001,5.8
49,1,3,Adam Humphries,Bench,ACTIVE,5.549165081000001,2.0
50,1,4,Travis Kelce,TE,ACTIVE,14.818783081,22.6
51,1,4,Jonathan Taylor,RB/WR,ACTIVE,14.3073408795,14.600000000000001
52,1,4,Justin Herbert,OP,ACTIVE,17.515115757000004,13.38
53,1,4,Tom Brady,QB,ACTIVE,21.3115754843,27.16
54,1,4,Chris Godwin,WR,ACTIVE,11.4083859135,19.0
55,1,4,Tee Higgins,WR,ACTIVE,10.234839775200001,13.8
56,1,4,DeVonta Smith,Flex,ACTIVE,9.854280154800001,16.1
57,1,4,Leonard Fournette,RB,ACTIVE,8.8576325275,8.4
58,1,4,Zack Moss,Bench,ACTIVE,0.0,0.0
59,1,4,Michael Carter,Bench,ACTIVE,7.091151066500001,2.5
60,1,4,Nelson Agholor,Bench,ACTIVE,7.3560699635,15.7
61,1,4,Emmanuel Sanders,Bench,ACTIVE,6.154499103000001,7.2
62,1,4,Randall Cobb,Bench,ACTIVE,7.0897991403,3.8000000000000003
63,1,4,Vikings D/ST,Def,ACTIVE,6.908469356000001,4.0
64,1,4,Marlon Mack,Bench,ACTIVE,2.2766229037000008,0.0
65,1,4,Evan Engram,Bench,ACTIVE,0.0,0.0
66,1,5,Josh Allen,QB,ACTIVE,21.249069199,16.200000000000003
67,1,5,Najee Harris,RB,ACTIVE,13.1478371825,5.4
68,1,5,Allen Robinson II,WR,QUESTIONABLE,11.657618911999998,6.5
69,1,5,D'Andre Swift,RB/WR,QUESTIONABLE,11.530932869000003,20.4
70,1,5,Diontae Johnson,Flex,ACTIVE,10.594134875200002,12.1
71,1,5,DJ Moore,WR,ACTIVE,11.115727331200002,12.4
72,1,5,Derek Carr,OP,ACTIVE,15.2697433222,23.0
73,1,5,Odell Beckham Jr.,Bench,ACTIVE,0.0,0.0
74,1,5,Jonnu Smith,TE,ACTIVE,7.2874984778,6.300000000000001
75,1,5,Ronald Jones II,Bench,ACTIVE,8.5348971623,-0.5999999999999999
76,1,5,Elijah Moore,Bench,ACTIVE,8.7358874875,0.19999999999999996
77,1,5,Devin Singletary,Bench,ACTIVE,8.9651125495,7.5
78,1,5,Bills D/ST,Def,ACTIVE,5.702211696,5.0
79,1,5,Tevin Coleman,Bench,ACTIVE,7.7041628758,2.4000000000000004
80,1,5,Tyrod Taylor,Bench,INJURY_RESERVE,16.671109009000002,22.64
81,1,5,Rashod Bateman,IR,INJURY_RESERVE,0.0,0.0
82,1,5,Benny Snell Jr.,Bench,ACTIVE,3.3625367225,0.0
83,1,6,Austin Ekeler,RB,ACTIVE,12.655445004500002,11.7
84,1,6,Antonio Gibson,RB/WR,QUESTIONABLE,14.520826940500001,9.3
85,1,6,A.J. Brown,WR,ACTIVE,13.6751059615,12.9
86,1,6,Jalen Hurts,QB,ACTIVE,19.191854323999998,27.759999999999998
87,1,6,Ben Roethlisberger,OP,ACTIVE,16.1014073067,11.02
88,1,6,T.J. Hockenson,TE,QUESTIONABLE,9.2177656165,21.700000000000003
89,1,6,Trey Sermon,Bench,ACTIVE,0.0,0.0
90,1,6,AJ Dillon,Bench,ACTIVE,7.518945983,3.1000000000000005
91,1,6,Jarvis Landry,WR,INJURY_RESERVE,11.13221688424,16.900000000000002
92,1,6,Marvin Jones Jr.,Flex,ACTIVE,9.781930972499998,16.2
93,1,6,Jalen Reagor,Bench,ACTIVE,8.4944603655,13.9
94,1,6,J.D. McKissic,Bench,ACTIVE,7.574516368500001,0.8
95,1,6,Latavius Murray,Bench,ACTIVE,6.1619712764,8.8
96,1,6,Tre'Quan Smith,IR,INJURY_RESERVE,0.0,0.0
97,1,6,Joshua Palmer,Bench,ACTIVE,4.0830494465000005,2.2
98,1,6,Panthers D/ST,Def,ACTIVE,6.994881491,12.0
99,1,6,Van Jefferson,Bench,ACTIVE,4.8536127105,15.0
100,1,7,Dalvin Cook,RB,ACTIVE,18.879697532500003,17.400000000000002
101,1,7,Russell Wilson,QB,OUT,18.785399458,27.06
102,1,7,Matthew Stafford,OP,ACTIVE,16.6711039608,24.34
103,1,7,Adam Thielen,WR,QUESTIONABLE,12.027617084300001,25.700000000000003
104,1,7,Mike Davis,RB/WR,ACTIVE,12.793024966499999,8.700000000000001
105,1,7,JuJu Smith-Schuster,Flex,OUT,9.827922868000002,7.2
106,1,7,Antonio Brown,WR,ACTIVE,9.443178973,21.200000000000003
107,1,7,Alexander Mattison,Bench,QUESTIONABLE,6.1378508057,1.1
108,1,7,Mecole Hardman,Bench,ACTIVE,7.8893673529,3.4000000000000004
109,1,7,Cole Beasley,Bench,ACTIVE,7.721722014500001,10.0
110,1,7,Washington D/ST,Def,ACTIVE,6.070038098,2.0
111,1,7,Jared Cook,TE,ACTIVE,5.8833285775,8.100000000000001
112,1,7,Cole Kmet,Bench,ACTIVE,5.5583460605,6.7
113,1,7,T.Y. Hilton,IR,INJURY_RESERVE,0.0,0.0
114,1,7,Wayne Gallman,Bench,ACTIVE,0.0,0.0
115,1,7,Trenton Cannon,Bench,ACTIVE,0.5553386035,0.5
116,1,7,Devonta Freeman,Bench,ACTIVE,0.0,
117,1,8,Ezekiel Elliott,RB,QUESTIONABLE,12.728115132000001,4.9
118,1,8,Dak Prescott,QB,ACTIVE,20.523331405,26.42
119,1,8,Chris Carson,RB/WR,QUESTIONABLE,11.6058485255,11.2
120,1,8,Joe Burrow,OP,ACTIVE,15.994339487000001,18.64
121,1,8,Mark Andrews,TE,ACTIVE,10.137438149500001,3.5
122,1,8,Kareem Hunt,Flex,QUESTIONABLE,9.5762897685,15.600000000000001
123,1,8,Kenny Golladay,WR,DOUBTFUL,9.939675313,8.4
124,1,8,Jared Goff,Bench,ACTIVE,15.079932239500003,28.92
125,1,8,Laviska Shenault Jr.,WR,ACTIVE,9.7899960071,9.4
126,1,8,Henry Ruggs III,Bench,ACTIVE,8.492027846500001,5.6000000000000005
127,1,8,Buccaneers D/ST,Def,ACTIVE,4.578460319999999,-3.0
128,1,8,Jamison Crowder,Bench,ACTIVE,0.0,0.0
129,1,8,Hunter Henry,Bench,ACTIVE,5.9677589645,4.6
130,1,8,Amon-Ra St. Brown,Bench,ACTIVE,6.167804387,3.3000000000000003
131,1,8,Browns D/ST,Bench,ACTIVE,2.9117166170000006,0.0
132,1,8,Justin Jackson,Bench,QUESTIONABLE,5.8421694345,1.2
133,1,9,Saquon Barkley,RB,DOUBTFUL,12.19841192,3.2
134,1,9,Stefon Diggs,WR,ACTIVE,13.849550184000002,11.4
135,1,9,David Montgomery,RB/WR,INJURY_RESERVE,13.404927826000002,18.3
136,1,9,Trevor Lawrence,QB,ACTIVE,17.566114996,19.080000000000002
137,1,9,Justin Fields,Bench,ACTIVE,0.07162676746000002,6.7
138,1,9,Jerry Jeudy,WR,INJURY_RESERVE,10.0926620665,10.2
139,1,9,Javonte Williams,Bench,ACTIVE,7.696635629999999,4.6
140,1,9,Noah Fant,TE,ACTIVE,7.153760911999999,9.2
141,1,9,Marquise Brown,Bench,ACTIVE,10.172347653500001,16.4
142,1,9,Michael Pittman Jr.,Flex,ACTIVE,9.114939895400001,4.4
143,1,9,Mike Williams,Bench,QUESTIONABLE,9.047716758,18.200000000000003
144,1,9,James White,Bench,INJURY_RESERVE,6.9274239500000006,9.100000000000001
145,1,9,Damien Williams,Bench,OUT,6.0694895495,6.0
146,1,9,Andy Dalton,OP,ACTIVE,14.015625694,5.54
147,1,9,Anthony Firkser,Bench,ACTIVE,5.907373515500001,3.4000000000000004
148,1,9,Chargers D/ST,Def,ACTIVE,4.298675734,8.0
149,1,10,Tyreek Hill,WR,QUESTIONABLE,15.334810642199999,31.6
150,1,10,Aaron Rodgers,QB,ACTIVE,18.87466809,1.3200000000000003
151,1,10,Darren Waller,TE,QUESTIONABLE,11.3239970085,21.5
152,1,10,Miles Sanders,RB,ACTIVE,12.949478470000003,15.3
153,1,10,Myles Gaskin,RB/WR,ACTIVE,9.509799117500002,10.100000000000001
154,1,10,Logan Thomas,Flex,INJURY_RESERVE,8.496697896099999,10.5
155,1,10,Mac Jones,OP,ACTIVE,14.8222324647,14.24
156,1,10,Jaylen Waddle,Bench,ACTIVE,8.7367524607,14.100000000000001
157,1,10,Chuba Hubbard,Bench,ACTIVE,3.1986846387,1.4
158,1,10,Ravens D/ST,Def,ACTIVE,5.875429349000001,-1.0
159,1,10,Steelers D/ST,Bench,ACTIVE,5.104908315,14.0
160,1,10,Rondale Moore,Bench,ACTIVE,5.350766966,8.8
161,1,10,Rhamondre Stevenson,Bench,ACTIVE,5.139986952699999,-0.4
162,1,10,Donovan Peoples-Jones,Bench,ACTIVE,8.267621289,0.9
163,1,10,Terrace Marshall Jr.,WR,ACTIVE,7.2337799425,4.1
164,1,10,Mark Ingram II,Bench,ACTIVE,5.057052896,14.5
165,1,11,Aaron Jones,RB,QUESTIONABLE,13.266135362500004,3.2
166,1,11,Lamar Jackson,QB,QUESTIONABLE,21.920639416999997,17.0
167,1,11,Mike Evans,WR,ACTIVE,12.6786837345,3.9000000000000004
168,1,11,Josh Jacobs,RB/WR,ACTIVE,12.0246597925,16.5
169,1,11,Deshaun Watson,Bench,ACTIVE,0.0,0.0
170,1,11,Dallas Goedert,TE,OUT,7.759678665,12.2
171,1,11,Sony Michel,Bench,ACTIVE,7.594725884200001,0.2
172,1,11,Carson Wentz,OP,ACTIVE,15.178521550000001,18.340000000000003
173,1,11,Michael Gallup,WR,INJURY_RESERVE,10.4420797185,5.6
174,1,11,DeVante Parker,Flex,QUESTIONABLE,9.421445789,10.1
175,1,11,David Johnson,Bench,ACTIVE,6.824536612,10.3
176,1,11,Sterling Shepard,Bench,QUESTIONABLE,8.020820153,20.8
177,1,11,Sammy Watkins,Bench,QUESTIONABLE,7.911911194999999,11.600000000000001
178,1,11,Rashaad Penny,Bench,INJURY_RESERVE,5.090412205100001,0.8
179,1,11,Quez Watkins,Bench,ACTIVE,3.674222539,3.8000000000000003
180,1,11,Giants D/ST,Def,ACTIVE,6.414565851,1.0
181,1,12,Christian McCaffrey,RB,QUESTIONABLE,18.7805132665,23.200000000000003
182,1,12,DeAndre Hopkins,WR,QUESTIONABLE,14.335034590500003,23.3
183,1,12,Keenan Allen,WR,ACTIVE,11.636839138800001,13.5
184,1,12,Tyler Lockett,RB/WR,ACTIVE,11.673821248700001,24.0
185,1,12,Tua Tagovailoa,QB,INJURY_RESERVE,16.180542137,16.18
186,1,12,Robby Anderson,Flex,ACTIVE,10.4298111668,12.2
187,1,12,Daniel Jones,OP,QUESTIONABLE,14.423810716000002,21.38
188,1,12,Corey Davis,Bench,ACTIVE,9.997042794500002,24.200000000000003
189,1,12,Kenyan Drake,Bench,ACTIVE,8.4206876255,9.5
190,1,12,Jamaal Williams,Bench,QUESTIONABLE,7.744749504999999,21.0
191,1,12,Marquez Callaway,Bench,ACTIVE,9.261376532,1.9000000000000001
192,1,12,Austin Hooper,TE,ACTIVE,6.7348177965,4.2
193,1,12,Gabriel Davis,Bench,ACTIVE,5.987998126000001,11.0
194,1,12,Colts D/ST,Def,ACTIVE,5.393293550999999,3.0
195,1,12,Devontae Booker,Bench,ACTIVE,4.981670876000002,1.8000000000000003
196,1,12,Taysom Hill,Bench,QUESTIONABLE,4.0399364016,0.22
197,1,13,Nick Chubb,RB,QUESTIONABLE,14.1003961905,21.1
198,1,13,Kyler Murray,QB,QUESTIONABLE,21.865906418999998,33.56
199,1,13,Terry McLaurin,WR,ACTIVE,12.3481532496,8.2
200,1,13,Robert Woods,Flex,ACTIVE,11.442565469900002,10.899999999999999
201,1,13,Baker Mayfield,OP,ACTIVE,17.308662216000002,12.639999999999999
202,1,13,Brandon Aiyuk,WR,ACTIVE,11.694824891500001,0.0
203,1,13,Courtland Sutton,Bench,ACTIVE,9.886755565500001,1.9000000000000001
204,1,13,Melvin Gordon III,Bench,QUESTIONABLE,8.4732998465,19.3
205,1,13,Teddy Bridgewater,Bench,ACTIVE,15.127043879,20.46
206,1,13,Robert Tonyan,TE,QUESTIONABLE,7.234146826500001,1.8
207,1,13,Russell Gage,Bench,QUESTIONABLE,7.234597990100001,0.0
208,1,13,Ty'Son Williams,RB/WR,ACTIVE,10.266172215,16.9
209,1,13,Broncos D/ST,Def,ACTIVE,7.649910555,7.0
210,1,13,Malcolm Brown,Bench,ACTIVE,5.803614818,1.6
211,1,13,Giovani Bernard,Bench,ACTIVE,5.6304445582,2.2
212,1,13,Dyami Brown,Bench,QUESTIONABLE,7.1374211745,0.3
213,1,14,Alvin Kamara,RB,ACTIVE,15.063870227000002,16.6
214,1,14,Justin Jefferson,WR,QUESTIONABLE,12.805798603500001,10.040000000000001
215,1,14,Ryan Tannehill,QB,ACTIVE,18.002633075,14.18
216,1,14,Cooper Kupp,WR,ACTIVE,10.7639310841,20.3
217,1,14,Julio Jones,RB/WR,ACTIVE,11.1077378395,4.4
218,1,14,Ryan Fitzpatrick,OP,INJURY_RESERVE,17.427981413,-0.28
219,1,14,Chase Claypool,Flex,QUESTIONABLE,10.1916481555,8.5
220,1,14,James Conner,Bench,ACTIVE,8.287101612500003,5.300000000000001
221,1,14,Tyler Higbee,TE,ACTIVE,6.4286552455,9.3
222,1,14,Mike Gesicki,Bench,ACTIVE,6.671845612000001,0.0
223,1,14,Jakobi Meyers,Bench,ACTIVE,8.49270103072,7.4
224,1,14,Phillip Lindsay,Bench,ACTIVE,7.5412803905,8.5
225,1,14,49ers D/ST,Def,ACTIVE,6.779754536999999,5.0
226,1,14,A.J. Green,Bench,ACTIVE,7.1930368695,3.5
227,1,14,Carlos Hyde,Bench,ACTIVE,6.0924675617,6.800000000000001
228,1,14,Marquez Valdes-Scantling,Bench,INJURY_RESERVE,3.9222590818,3.2
229,2,1,Patrick Mahomes,QB,ACTIVE,23.610396758,24.020000000000003
230,2,1,Joe Mixon,RB/WR,QUESTIONABLE,14.276459473000001,7.6000000000000005
231,2,1,James Robinson,Flex,ACTIVE,11.179992405499998,7.9
232,2,1,CeeDee Lamb,WR,ACTIVE,12.102044002100001,13.399999999999999
233,2,1,Trey Lance,Bench,QUESTIONABLE,2.2902939298800002,0.0
234,2,1,William Fuller V,Bench,INJURY_RESERVE,0.0,0.0
235,2,1,Sam Darnold,OP,ACTIVE,13.3180344405,17.900000000000002
236,2,1,Curtis Samuel,IR,QUESTIONABLE,0.0,0.0
237,2,1,Bryan Edwards,Bench,ACTIVE,7.1764913125,5.5
238,2,1,Elijah Mitchell,RB,ACTIVE,11.464467162,6.300000000000001
239,2,1,Samaje Perine,Bench,OUT,3.4027485221000005,0.0
240,2,1,Cardinals D/ST,Def,ACTIVE,5.586614289000001,0.0
241,2,1,Hunter Renfrow,Bench,ACTIVE,7.4129288785,8.2
242,2,1,Larry Rountree III,Bench,ACTIVE,5.8934003671,0.30000000000000004
243,2,1,Robert Woods,WR,ACTIVE,11.782051551000002,9.5
244,2,1,Gerald Everett,Bench,OUT,6.0243914365,0.8
245,2,1,David Njoku,TE,QUESTIONABLE,5.414999679000001,2.8
246,2,2,Davante Adams,WR,ACTIVE,15.014527367500001,16.1
247,2,2,DK Metcalf,WR,QUESTIONABLE,14.3324986315,8.3
248,2,2,Clyde Edwards-Helaire,RB,INJURY_RESERVE,12.8385041175,2.6000000000000005
249,2,2,Amari Cooper,Flex,ACTIVE,12.8394896151,3.9000000000000004
250,2,2,Kyle Pitts,TE,ACTIVE,8.966031159000002,9.8
251,2,2,Kirk Cousins,QB,ACTIVE,15.690506171800001,24.259999999999998
252,2,2,Darrell Henderson Jr.,RB/WR,ACTIVE,13.4973835095,15.700000000000001
253,2,2,Tyler Boyd,Bench,ACTIVE,9.284388635900001,10.8
254,2,2,Deebo Samuel,Bench,ACTIVE,11.850393109600002,13.100000000000001
255,2,2,DJ Chark Jr.,Bench,INJURY_RESERVE,9.6750606735,2.4000000000000004
256,2,2,Nyheim Hines,Bench,ACTIVE,9.3113579415,2.7
257,2,2,Tyrell Williams,Bench,INJURY_RESERVE,0.0,0.0
258,2,2,Tony Pollard,Bench,ACTIVE,6.2378665925,21.5
259,2,2,Dolphins D/ST,Bench,ACTIVE,4.694748095999999,3.0
260,2,2,Jimmy Garoppolo,OP,QUESTIONABLE,13.5546473751,18.560000000000002
261,2,2,Bears D/ST,Def,ACTIVE,6.257682715,20.0
262,2,3,Derrick Henry,RB,ACTIVE,17.5754346635,44.7
263,2,3,Calvin Ridley,WR,QUESTIONABLE,14.582932364400001,15.8
264,2,3,George Kittle,TE,INJURY_RESERVE,11.1749479992,2.7
265,2,3,Matt Ryan,OP,ACTIVE,16.351647454600002,16.3
266,2,3,Chase Edmonds,RB/WR,QUESTIONABLE,12.333609790000002,10.0
267,2,3,Jameis Winston,QB,ACTIVE,15.980223846000001,8.34
268,2,3,Brandin Cooks,WR,ACTIVE,11.145879692500001,18.3
269,2,3,Zach Wilson,Bench,ACTIVE,13.408500703,2.3000000000000007
270,2,3,Michael Thomas,IR,OUT,0.0,0.0
271,2,3,Darnell Mooney,Flex,QUESTIONABLE,8.3316238605,9.600000000000001
272,2,3,Rob Gronkowski,Bench,OUT,8.288394217,17.9
273,2,3,Rams D/ST,Bench,ACTIVE,6.9517601529999995,6.0
274,2,3,Patriots D/ST,Def,ACTIVE,6.881703313999998,16.0
275,2,3,Allen Lazard,Bench,ACTIVE,6.8866059368000005,0.0
276,2,3,Tony Jones Jr.,Bench,INJURY_RESERVE,6.844632565,0.7000000000000001
277,2,3,Adam Humphries,Bench,ACTIVE,6.0767661085,7.9
278,2,3,Peyton Barber,Bench,ACTIVE,6.9178509542,3.2
279,2,4,Travis Kelce,TE,ACTIVE,16.4728020355,20.4
280,2,4,Jonathan Taylor,RB,ACTIVE,15.966809702,5.800000000000001
281,2,4,Justin Herbert,OP,ACTIVE,20.71684225,14.719999999999999
282,2,4,Tom Brady,QB,ACTIVE,20.8656456701,29.64
283,2,4,Chris Godwin,Flex,ACTIVE,11.73144254,14.2
284,2,4,Tee Higgins,WR,ACTIVE,10.5593667492,13.0
285,2,4,DeVonta Smith,WR,ACTIVE,10.6069634296,2.6
286,2,4,Leonard Fournette,RB/WR,ACTIVE,11.964578133499998,8.600000000000001
287,2,4,Zack Moss,Bench,ACTIVE,4.9196594521,14.4
288,2,4,Michael Carter,Bench,ACTIVE,5.680155201400001,9.8
289,2,4,Nelson Agholor,Bench,ACTIVE,8.1715707265,3.6
290,2,4,Emmanuel Sanders,Bench,ACTIVE,8.627794217,5.800000000000001
291,2,4,Marlon Mack,Bench,ACTIVE,0.0,1.6
292,2,4,Evan Engram,IR,ACTIVE,0.0,0.0
293,2,4,Bengals D/ST,Def,ACTIVE,6.405075747999998,9.0
294,2,4,KJ Hamler,Bench,INJURY_RESERVE,7.5540616556,1.0
295,2,4,Sammy Watkins,Bench,QUESTIONABLE,8.812465206,6.4
296,2,5,Josh Allen,QB,ACTIVE,22.767316505999997,16.66
297,2,5,Najee Harris,RB,ACTIVE,16.958600684500002,16.6
298,2,5,Allen Robinson II,WR,QUESTIONABLE,12.5187721115,9.4
299,2,5,D'Andre Swift,Flex,QUESTIONABLE,12.7549606465,9.8
300,2,5,Diontae Johnson,WR,ACTIVE,11.257096656400002,15.0
301,2,5,DJ Moore,RB/WR,ACTIVE,10.4550897252,17.9
302,2,5,Odell Beckham Jr.,Bench,ACTIVE,0.0,0.0
303,2,5,Jonnu Smith,TE,ACTIVE,7.057329523200001,4.800000000000001
304,2,5,Ronald Jones II,Bench,ACTIVE,7.0712878758,4.1000000000000005
305,2,5,Elijah Moore,Bench,ACTIVE,6.465067030100001,6.7
306,2,5,Devin Singletary,Bench,ACTIVE,11.191110561500002,15.100000000000001
307,2,5,Bills D/ST,Def,ACTIVE,7.141152419,18.0
308,2,5,Tevin Coleman,Bench,ACTIVE,5.969848346,2.4000000000000004
309,2,5,Rashod Bateman,IR,INJURY_RESERVE,0.0,0.0
310,2,5,Benny Snell Jr.,Bench,ACTIVE,1.6295585734000002,0.1
311,2,5,Jakobi Meyers,Bench,ACTIVE,10.2920028902,5.800000000000001
312,2,5,Ryan Tannehill,OP,ACTIVE,17.036325193,14.580000000000002
313,2,6,Austin Ekeler,RB/WR,ACTIVE,15.0376957245,18.0
314,2,6,Antonio Gibson,RB,QUESTIONABLE,15.5776982065,8.3
315,2,6,A.J. Brown,WR,ACTIVE,12.882129606000001,5.8
316,2,6,Jalen Hurts,QB,ACTIVE,18.444964063,20.8
317,2,6,Ben Roethlisberger,OP,ACTIVE,17.9853554468,12.8
318,2,6,T.J. Hockenson,TE,QUESTIONABLE,9.219737913500001,16.6
319,2,6,Trey Sermon,Bench,ACTIVE,3.2693079553000004,0.8
320,2,6,AJ Dillon,Bench,ACTIVE,8.807714449999999,3.0999999999999996
321,2,6,Jarvis Landry,WR,INJURY_RESERVE,11.38919610604,1.4
322,2,6,Marvin Jones Jr.,Flex,ACTIVE,10.3272199305,14.5
323,2,6,Jalen Reagor,Bench,ACTIVE,8.9854748965,1.5
324,2,6,J.D. McKissic,Bench,ACTIVE,6.3574523570000006,17.8
325,2,6,Latavius Murray,Bench,ACTIVE,6.7241075018,9.6
326,2,6,Tre'Quan Smith,IR,INJURY_RESERVE,0.0,0.0
327,2,6,Joshua Palmer,Bench,ACTIVE,1.6826636653999998,3.1
328,2,6,Panthers D/ST,Def,ACTIVE,6.004206493000001,14.0
329,2,6,Van Jefferson,Bench,ACTIVE,7.606680627,1.9000000000000001
330,2,7,Dalvin Cook,RB,ACTIVE,18.290066425499997,15.8
331,2,7,Russell Wilson,QB,OUT,20.978176493,23.32
332,2,7,Matthew Stafford,OP,ACTIVE,16.9317996584,17.22
333,2,7,Adam Thielen,WR,QUESTIONABLE,12.1984930454,11.9
334,2,7,Mike Davis,RB/WR,ACTIVE,11.130457293500001,9.8
335,2,7,JuJu Smith-Schuster,Flex,OUT,11.051316274000001,13.400000000000002
336,2,7,Antonio Brown,WR,ACTIVE,9.8972489193,2.2
337,2,7,Alexander Mattison,Bench,QUESTIONABLE,3.5838058724,3.3000000000000003
338,2,7,Mecole Hardman,Bench,ACTIVE,8.4881290822,8.0
339,2,7,Cole Beasley,Bench,ACTIVE,9.166872772,5.6
340,2,7,Washington D/ST,Def,ACTIVE,7.507906383000001,2.0
341,2,7,Jared Cook,TE,ACTIVE,8.2349467235,4.300000000000001
342,2,7,Cole Kmet,Bench,ACTIVE,6.416720312000001,0.5
343,2,7,T.Y. Hilton,IR,INJURY_RESERVE,0.0,0.0
344,2,7,Wayne Gallman,Bench,ACTIVE,0.0,0.0
345,2,7,JaMycal Hasty,Bench,INJURY_RESERVE,4.563688679499999,7.9
346,2,7,Cordarrelle Patterson,Bench,ACTIVE,6.219499901000001,20.4
347,2,8,Ezekiel Elliott,RB,QUESTIONABLE,14.884860484000003,16.700000000000003
348,2,8,Dak Prescott,QB,ACTIVE,19.985505175,6.48
349,2,8,Chris Carson,RB/WR,QUESTIONABLE,15.794892167999997,15.1
350,2,8,Joe Burrow,Bench,ACTIVE,16.626830202,10.28
351,2,8,Mark Andrews,TE,ACTIVE,9.9406186285,8.2
352,2,8,Kareem Hunt,Flex,QUESTIONABLE,11.360566825499998,5.800000000000001
353,2,8,Kenny Golladay,WR,DOUBTFUL,10.275534247500001,5.300000000000001
354,2,8,Jared Goff,OP,ACTIVE,14.8034529062,17.44
355,2,8,Laviska Shenault Jr.,WR,ACTIVE,9.1038842382,0.7
356,2,8,Henry Ruggs III,Bench,ACTIVE,7.868183279200001,20.0
357,2,8,Buccaneers D/ST,Def,ACTIVE,7.07755682,15.0
358,2,8,Jamison Crowder,Bench,ACTIVE,0.0,0.0
359,2,8,Hunter Henry,Bench,ACTIVE,6.1345663225,5.2
360,2,8,Amon-Ra St. Brown,Bench,ACTIVE,6.500194681,3.3
361,2,8,Browns D/ST,Bench,ACTIVE,7.3346048360000005,5.0
362,2,8,Justin Jackson,Bench,QUESTIONABLE,2.3457312311,3.4000000000000004
363,2,9,Saquon Barkley,RB/WR,DOUBTFUL,12.470962931000003,7.9
364,2,9,Stefon Diggs,WR,ACTIVE,13.893226275099998,14.0
365,2,9,David Montgomery,RB,INJURY_RESERVE,14.961253381,9.4
366,2,9,Trevor Lawrence,QB,ACTIVE,13.997867479000002,6.82
367,2,9,Justin Fields,Bench,ACTIVE,1.7406231738,2.5
368,2,9,Jerry Jeudy,IR,INJURY_RESERVE,0.0,0.0
369,2,9,Javonte Williams,Flex,ACTIVE,10.165151880000003,7.9
370,2,9,Noah Fant,TE,ACTIVE,8.430906979,11.3
371,2,9,Marquise Brown,Bench,ACTIVE,9.729874453499999,20.3
372,2,9,Michael Pittman Jr.,Bench,ACTIVE,8.5631921814,16.3
373,2,9,Mike Williams,WR,QUESTIONABLE,10.70292305,18.6
374,2,9,James White,Bench,INJURY_RESERVE,8.4312271275,15.5
375,2,9,Damien Williams,Bench,OUT,7.709841105000001,1.4000000000000001
376,2,9,Andy Dalton,OP,ACTIVE,14.610571292699998,8.74
377,2,9,Kenneth Gainwell,Bench,ACTIVE,7.2972712175,6.2
378,2,9,Tim Patrick,Bench,ACTIVE,7.879237968500001,11.2
379,2,9,Saints D/ST,Def,ACTIVE,7.4889644,5.0
380,2,10,Tyreek Hill,WR,QUESTIONABLE,17.4049807464,4.4
381,2,10,Aaron Rodgers,QB,ACTIVE,20.341545911,26.800000000000004
382,2,10,Darren Waller,TE,QUESTIONABLE,13.4220996505,9.0
383,2,10,Miles Sanders,RB,ACTIVE,13.213903193500002,6.4
384,2,10,Myles Gaskin,RB/WR,ACTIVE,9.2066649495,6.6
385,2,10,Logan Thomas,Flex,INJURY_RESERVE,8.207251726600001,7.0
386,2,10,Mac Jones,OP,ACTIVE,16.0593331315,6.44
387,2,10,Jaylen Waddle,WR,ACTIVE,10.300955341300002,5.800000000000001
388,2,10,Chuba Hubbard,Bench,ACTIVE,2.2694569384000003,1.0
389,2,10,Ravens D/ST,Bench,ACTIVE,3.697835725,0.0
390,2,10,Steelers D/ST,Def,ACTIVE,6.3746726670000005,0.0
391,2,10,Rondale Moore,Bench,ACTIVE,4.28770154,19.9
392,2,10,Rhamondre Stevenson,Bench,ACTIVE,0.0,0.0
393,2,10,Terrace Marshall Jr.,Bench,ACTIVE,6.832553055,3.2
394,2,10,Mark Ingram II,Bench,ACTIVE,5.666955418699999,4.500000000000001
395,2,10,Trenton Cannon,Bench,ACTIVE,0.0,-0.1
396,2,11,Aaron Jones,RB,QUESTIONABLE,15.385432042,38.5
397,2,11,Mike Evans,WR,ACTIVE,11.591244775000002,22.0
398,2,11,Josh Jacobs,Bench,ACTIVE,0.0,0.0
399,2,11,Deshaun Watson,Bench,ACTIVE,0.0,0.0
400,2,11,Dallas Goedert,TE,OUT,7.522352226000001,3.4000000000000004
401,2,11,Carson Wentz,QB,ACTIVE,14.107327167000001,17.580000000000002
402,2,11,Michael Gallup,IR,INJURY_RESERVE,0.0,0.0
403,2,11,DeVante Parker,Bench,QUESTIONABLE,10.104425401499999,6.7
404,2,11,David Johnson,Bench,ACTIVE,5.49639856,5.7
405,2,11,Sterling Shepard,Bench,QUESTIONABLE,9.386328218500001,13.0
406,2,11,Quez Watkins,Bench,ACTIVE,5.27471069,12.700000000000001
407,2,11,Christian Kirk,Flex,ACTIVE,6.653364972099999,8.0
408,2,11,Chiefs D/ST,Def,ACTIVE,5.076233182999999,2.0
409,2,11,Tyler Lockett,WR,ACTIVE,12.7705219022,27.8
410,2,11,Daniel Jones,OP,QUESTIONABLE,15.254180169,29.46
411,2,11,Kenyan Drake,RB/WR,ACTIVE,12.7284581085,8.0
412,2,11,Russell Gage,Bench,QUESTIONABLE,8.476922699000001,5.300000000000001
413,2,12,Christian McCaffrey,RB,QUESTIONABLE,18.543289343499996,22.2
414,2,12,DeAndre Hopkins,WR,QUESTIONABLE,13.823764212999999,13.4
415,2,12,Keenan Allen,Flex,ACTIVE,13.3644865187,12.8
416,2,12,Tua Tagovailoa,QB,INJURY_RESERVE,16.151952877,0.52
417,2,12,Robby Anderson,WR,ACTIVE,10.314208982500002,5.300000000000001
418,2,12,Corey Davis,RB/WR,ACTIVE,10.222789482,1.8
419,2,12,Jamaal Williams,Bench,QUESTIONABLE,8.239570747500002,5.2
420,2,12,Marquez Callaway,Bench,ACTIVE,9.102587137,1.8
421,2,12,Austin Hooper,TE,ACTIVE,5.584583394500001,6.5
422,2,12,Gabriel Davis,Bench,ACTIVE,5.791166703999999,0.0
423,2,12,Colts D/ST,Def,ACTIVE,5.224777603000001,8.0
424,2,12,Devontae Booker,Bench,ACTIVE,4.4870122272,1.5999999999999999
425,2,12,Taysom Hill,Bench,QUESTIONABLE,4.7002660845,1.6
426,2,12,Lamar Jackson,OP,QUESTIONABLE,21.487829865000002,32.260000000000005
427,2,12,Sony Michel,Bench,ACTIVE,5.9984230384,4.6000000000000005
428,2,13,Nick Chubb,RB,QUESTIONABLE,16.822076493000004,16.3
429,2,13,Kyler Murray,QB,QUESTIONABLE,21.196073614,33.1
430,2,13,Terry McLaurin,WR,ACTIVE,11.974607568700002,22.200000000000003
431,2,13,Baker Mayfield,OP,ACTIVE,17.80124222,16.52
432,2,13,Brandon Aiyuk,Bench,ACTIVE,7.9310810512,1.1
433,2,13,Courtland Sutton,Bench,ACTIVE,11.263089482300002,20.4
434,2,13,Melvin Gordon III,Flex,QUESTIONABLE,11.07617381,7.9
435,2,13,Teddy Bridgewater,Bench,ACTIVE,17.574887693,21.22
436,2,13,Robert Tonyan,TE,QUESTIONABLE,7.2518446645,12.7
437,2,13,Ty'Son Williams,Bench,ACTIVE,9.618581335,9.3
438,2,13,Broncos D/ST,Def,ACTIVE,7.112015297,11.0
439,2,13,Taylor Heinicke,Bench,ACTIVE,14.710723629,20.04
440,2,13,Zach Pascal,Bench,ACTIVE,7.375856478999999,12.3
441,2,13,K.J. Osborn,Bench,ACTIVE,5.633717801,17.6
442,2,13,Ja'Marr Chase,WR,ACTIVE,10.876857049900002,12.4
443,2,13,Damien Harris,RB/WR,QUESTIONABLE,11.6397517205,12.899999999999999
444,2,14,Alvin Kamara,RB,ACTIVE,17.090210936,5.0
445,2,14,Justin Jefferson,WR,QUESTIONABLE,12.6778179285,15.5
446,2,14,Cooper Kupp,WR,ACTIVE,12.0171600068,32.3
447,2,14,Julio Jones,RB/WR,ACTIVE,10.8255429385,15.8
448,2,14,Ryan Fitzpatrick,IR,INJURY_RESERVE,0.0,0.0
449,2,14,Chase Claypool,Flex,QUESTIONABLE,11.108124889299999,8.2
450,2,14,James Conner,Bench,ACTIVE,10.058358611500001,2.6
451,2,14,Tyler Higbee,TE,ACTIVE,7.501013285000001,1.3
452,2,14,Mike Gesicki,Bench,ACTIVE,5.6786536675,5.6000000000000005
453,2,14,49ers D/ST,Bench,ACTIVE,5.529789386999999,8.0
454,2,14,A.J. Green,Bench,ACTIVE,7.410927563500001,11.9
455,2,14,Carlos Hyde,Bench,ACTIVE,6.707284373999999,0.7000000000000001
456,2,14,Marquez Valdes-Scantling,Bench,INJURY_RESERVE,5.773371758,0.0
457,2,14,Tyrod Taylor,OP,INJURY_RESERVE,15.424940412999998,16.5
458,2,14,Derek Carr,QB,ACTIVE,15.656805673400001,22.18
459,2,14,Packers D/ST,Def,ACTIVE,5.95120166,5.0
460,3,1,Joe Mixon,RB,QUESTIONABLE,15.2915597595,9.9
461,3,1,James Robinson,Flex,ACTIVE,11.626994013,21.400000000000002
462,3,1,CeeDee Lamb,RB/WR,ACTIVE,13.9895384203,8.0
463,3,1,Trey Lance,Bench,QUESTIONABLE,2.08103279004,6.1
464,3,1,William Fuller V,Bench,INJURY_RESERVE,9.003432189,5.5
465,3,1,Sam Darnold,OP,ACTIVE,15.494846042000002,23.259999999999998
466,3,1,Curtis Samuel,IR,QUESTIONABLE,0.0,0.0
467,3,1,Elijah Mitchell,Bench,ACTIVE,0.0,0.0
468,3,1,Samaje Perine,Bench,OUT,2.8856939772999994,1.2000000000000002
469,3,1,Cardinals D/ST,Def,ACTIVE,7.324209908,15.0
470,3,1,Hunter Renfrow,Bench,ACTIVE,8.742647786,16.2
471,3,1,Jeff Wilson Jr.,Bench,OUT,0.0,0.0
472,3,1,Jack Doyle,TE,ACTIVE,5.7926403395,1.5
473,3,1,Marquise Brown,WR,ACTIVE,12.341799059099998,6.800000000000001
474,3,1,James White,Bench,INJURY_RESERVE,8.949596174500002,0.6000000000000001
475,3,1,Stefon Diggs,WR,ACTIVE,14.3207223867,9.2
476,3,1,Justin Fields,QB,ACTIVE,17.266275571999998,3.9200000000000004
477,3,2,Davante Adams,WR,ACTIVE,16.193044854,25.200000000000003
478,3,2,DK Metcalf,WR,QUESTIONABLE,14.777218844,19.700000000000003
479,3,2,Clyde Edwards-Helaire,RB,INJURY_RESERVE,13.371416991000002,15.9
480,3,2,Amari Cooper,Flex,ACTIVE,13.712923732100002,4.1
481,3,2,Kyle Pitts,TE,ACTIVE,8.45905166,4.5
482,3,2,Kirk Cousins,QB,ACTIVE,17.4201910086,24.119999999999997
483,3,2,Darrell Henderson Jr.,Bench,ACTIVE,0.0,0.0
484,3,2,Tyler Boyd,Bench,ACTIVE,10.647636695,11.6
485,3,2,Deebo Samuel,RB/WR,ACTIVE,12.482821342900001,7.7
486,3,2,DJ Chark Jr.,Bench,INJURY_RESERVE,10.278317107500001,12.4
487,3,2,Nyheim Hines,Bench,ACTIVE,8.367006324999998,16.4
488,3,2,Tyrell Williams,IR,INJURY_RESERVE,0.0,0.0
489,3,2,Tony Pollard,Bench,ACTIVE,7.812008088500001,7.0
490,3,2,Jimmy Garoppolo,OP,QUESTIONABLE,13.747057751699998,14.68
491,3,2,Bears D/ST,Bench,ACTIVE,5.30604411,2.0
492,3,2,Giants D/ST,Def,ACTIVE,5.610354515999999,8.0
493,3,3,Derrick Henry,RB,ACTIVE,19.204369997500002,17.900000000000002
494,3,3,Calvin Ridley,WR,QUESTIONABLE,13.071492597800002,10.100000000000001
495,3,3,George Kittle,Flex,INJURY_RESERVE,10.8273333632,13.600000000000001
496,3,3,Matt Ryan,OP,ACTIVE,15.856685611400003,15.620000000000001
497,3,3,Chase Edmonds,RB/WR,QUESTIONABLE,12.569692333,11.0
498,3,3,Jameis Winston,QB,ACTIVE,13.971951943999999,13.52
499,3,3,Brandin Cooks,WR,ACTIVE,11.418898351500001,16.200000000000003
500,3,3,Zach Wilson,Bench,ACTIVE,11.8739619299,2.6000000000000005
501,3,3,Michael Thomas,IR,OUT,0.0,0.0
502,3,3,Darnell Mooney,Bench,QUESTIONABLE,9.0553853809,1.4
503,3,3,Rob Gronkowski,TE,OUT,10.076420586,7.5
504,3,3,Rams D/ST,Bench,ACTIVE,4.361359835,2.0
505,3,3,Patriots D/ST,Def,ACTIVE,6.684499312999999,5.0
506,3,3,Allen Lazard,Bench,ACTIVE,5.3731029389,4.7
507,3,3,Tony Jones Jr.,Bench,INJURY_RESERVE,4.9203042403,3.2
508,3,3,Braxton Berrios,Bench,ACTIVE,7.2992024974,3.6
509,3,3,Demetric Felton,Bench,ACTIVE,0.5109515898000001,2.3
510,3,4,Travis Kelce,TE,ACTIVE,14.828919627500001,13.9
511,3,4,Jonathan Taylor,RB,ACTIVE,15.912724189,7.7
512,3,4,Justin Herbert,QB,ACTIVE,20.056375905000003,30.840000000000003
513,3,4,Tom Brady,OP,ACTIVE,19.529766492600004,27.68
514,3,4,Chris Godwin,Flex,ACTIVE,11.886035239,16.6
515,3,4,Tee Higgins,Bench,ACTIVE,0.0,0.0
516,3,4,DeVonta Smith,WR,ACTIVE,10.2202962875,4.300000000000001
517,3,4,Leonard Fournette,RB/WR,ACTIVE,11.804992052499998,4.9
518,3,4,Zack Moss,Bench,ACTIVE,6.0444153787,16.6
519,3,4,Michael Carter,Bench,ACTIVE,7.556758029999999,3.9000000000000004
520,3,4,Nelson Agholor,Bench,ACTIVE,7.1753132435,2.7
521,3,4,Emmanuel Sanders,Bench,ACTIVE,8.806397711,23.9
522,3,4,Marlon Mack,Bench,ACTIVE,0.0,0.0
523,3,4,Evan Engram,IR,ACTIVE,5.485035680099999,1.1
524,3,4,Bengals D/ST,Def,ACTIVE,5.059129562000001,12.0
525,3,4,KJ Hamler,Bench,INJURY_RESERVE,6.9860594503,3.3000000000000003
526,3,4,Sammy Watkins,WR,QUESTIONABLE,9.3798398805,8.8
527,3,5,Josh Allen,QB,ACTIVE,21.320663254,37.22
528,3,5,Najee Harris,RB,ACTIVE,15.730574635499998,21.200000000000003
529,3,5,Allen Robinson II,WR,QUESTIONABLE,12.098051785,3.7
530,3,5,D'Andre Swift,Flex,QUESTIONABLE,12.38121521,20.2
531,3,5,Diontae Johnson,Bench,ACTIVE,0.0,0.0
532,3,5,DJ Moore,RB/WR,ACTIVE,12.2718094465,16.5
533,3,5,Odell Beckham Jr.,WR,ACTIVE,10.360579997800002,11.2
534,3,5,Jonnu Smith,TE,ACTIVE,6.876467669300001,0.9
535,3,5,Ronald Jones II,Bench,ACTIVE,5.6638472108,1.1
536,3,5,Elijah Moore,Bench,ACTIVE,7.515518860000001,3.7
537,3,5,Devin Singletary,Bench,ACTIVE,9.8638155655,3.1
538,3,5,Bills D/ST,Def,ACTIVE,7.332258118,9.0
539,3,5,Rashod Bateman,IR,INJURY_RESERVE,0.0,0.0
540,3,5,Benny Snell Jr.,Bench,ACTIVE,1.8265150679000002,0.0
541,3,5,Jakobi Meyers,Bench,ACTIVE,9.289801794119999,13.9
542,3,5,Ryan Tannehill,OP,ACTIVE,16.581482898,21.48
543,3,5,Ty Johnson,Bench,ACTIVE,7.0880579964,2.8000000000000003
544,3,6,Austin Ekeler,RB/WR,ACTIVE,15.093944120500002,19.7
545,3,6,Antonio Gibson,RB,QUESTIONABLE,12.943906961000003,16.9
546,3,6,A.J. Brown,WR,ACTIVE,12.639290218500001,0.30000000000000004
547,3,6,Jalen Hurts,QB,ACTIVE,20.432210347,20.54
548,3,6,Ben Roethlisberger,OP,ACTIVE,16.8049475899,13.22
549,3,6,T.J. Hockenson,TE,QUESTIONABLE,11.265351757000001,2.0
550,3,6,Trey Sermon,Flex,ACTIVE,11.1233566315,10.4
551,3,6,AJ Dillon,Bench,ACTIVE,5.6195121485,3.5999999999999996
552,3,6,Jarvis Landry,Bench,INJURY_RESERVE,0.0,0.0
553,3,6,Marvin Jones Jr.,WR,ACTIVE,12.017938899,9.2
554,3,6,Jalen Reagor,Bench,ACTIVE,9.7415171125,7.800000000000001
555,3,6,J.D. McKissic,Bench,ACTIVE,7.419657668,4.800000000000001
556,3,6,Latavius Murray,Bench,ACTIVE,6.899010754000001,2.8000000000000003
557,3,6,Tre'Quan Smith,IR,INJURY_RESERVE,0.0,0.0
558,3,6,Joshua Palmer,Bench,ACTIVE,2.179007448,0.0
559,3,6,Panthers D/ST,Def,ACTIVE,7.782850614,11.0
560,3,6,Van Jefferson,Bench,ACTIVE,8.0388954045,6.2
561,3,7,Dalvin Cook,Bench,ACTIVE,0.0,0.0
562,3,7,Russell Wilson,QB,OUT,21.235112391,16.62
563,3,7,Matthew Stafford,OP,ACTIVE,19.1603635331,29.520000000000003
564,3,7,Adam Thielen,WR,QUESTIONABLE,12.567468282000002,14.0
565,3,7,Mike Davis,RB/WR,ACTIVE,11.8920246895,9.0
566,3,7,JuJu Smith-Schuster,WR,OUT,11.4671688938,4.0
567,3,7,Antonio Brown,Bench,ACTIVE,0.0,0.0
568,3,7,Alexander Mattison,Flex,QUESTIONABLE,15.340434686,20.1
569,3,7,Mecole Hardman,Bench,ACTIVE,8.6843157584,11.0
570,3,7,Cole Beasley,Bench,ACTIVE,8.34290389,15.3
571,3,7,Washington D/ST,Def,ACTIVE,5.233125977,-8.0
572,3,7,Jared Cook,TE,ACTIVE,7.933639833000001,3.7
573,3,7,Cole Kmet,Bench,ACTIVE,4.446990921,1.6
574,3,7,T.Y. Hilton,IR,INJURY_RESERVE,0.0,0.0
575,3,7,Wayne Gallman,Bench,ACTIVE,0.0,0.0
576,3,7,Cordarrelle Patterson,RB,ACTIVE,9.2904686915,13.200000000000001
577,3,7,Devontae Booker,Bench,ACTIVE,0.0,0.0
578,3,8,Ezekiel Elliott,RB,QUESTIONABLE,14.130931285,25.1
579,3,8,Dak Prescott,QB,ACTIVE,19.131235428,19.119999999999997
580,3,8,Chris Carson,RB/WR,QUESTIONABLE,15.317410479000001,15.2
581,3,8,Joe Burrow,Bench,ACTIVE,14.789026535000001,17.58
582,3,8,Mark Andrews,TE,ACTIVE,9.809399334500002,13.4
583,3,8,Kareem Hunt,Flex,QUESTIONABLE,9.900719204500001,24.5
584,3,8,Kenny Golladay,WR,DOUBTFUL,10.082491177500001,8.4
585,3,8,Jared Goff,OP,ACTIVE,15.945935321099999,9.08
586,3,8,Laviska Shenault Jr.,Bench,ACTIVE,8.926956092100001,6.800000000000001
587,3,8,Henry Ruggs III,WR,ACTIVE,9.5314699098,10.5
588,3,8,Buccaneers D/ST,Bench,ACTIVE,4.896109975,-2.0
589,3,8,Jamison Crowder,Bench,ACTIVE,0.0,0.0
590,3,8,Hunter Henry,Bench,ACTIVE,5.699692978000001,6.1
591,3,8,Browns D/ST,Def,ACTIVE,7.152748882999999,18.0
592,3,8,Justin Jackson,Bench,QUESTIONABLE,3.2052667742,0.0
593,3,8,Quintez Cephus,Bench,INJURY_RESERVE,8.4649171555,1.3
594,3,9,Saquon Barkley,RB,DOUBTFUL,15.500317445999999,18.400000000000002
595,3,9,David Montgomery,RB/WR,INJURY_RESERVE,13.260185804999997,6.5
596,3,9,Trevor Lawrence,OP,ACTIVE,16.329685696,7.46
597,3,9,Jerry Jeudy,IR,INJURY_RESERVE,0.0,0.0
598,3,9,Javonte Williams,Bench,ACTIVE,8.219739888200001,11.700000000000001
599,3,9,Noah Fant,TE,ACTIVE,8.684194618500001,2.5
600,3,9,Michael Pittman Jr.,Flex,ACTIVE,10.521795373600002,10.3
601,3,9,Mike Williams,WR,QUESTIONABLE,12.148762126000001,29.700000000000003
602,3,9,Damien Williams,Bench,OUT,5.947129359000001,0.0
603,3,9,Kenneth Gainwell,Bench,ACTIVE,7.3751328505,4.9
604,3,9,Tim Patrick,Bench,ACTIVE,7.678535620000001,12.3
605,3,9,Saints D/ST,Def,ACTIVE,6.813771451000001,17.0
606,3,9,Davis Mills,Bench,ACTIVE,13.214891456,10.719999999999999
607,3,9,Bryan Edwards,Bench,ACTIVE,6.4808617065,10.4
608,3,9,Patrick Mahomes,QB,ACTIVE,23.025999997,22.9
609,3,9,Robert Woods,WR,ACTIVE,12.7133358337,5.300000000000001
610,3,9,Pat Freiermuth,Bench,ACTIVE,4.779108248000001,9.7
611,3,10,Tyreek Hill,WR,QUESTIONABLE,15.764193649400001,7.200000000000001
612,3,10,Aaron Rodgers,QB,ACTIVE,18.846967069999998,18.54
613,3,10,Darren Waller,TE,QUESTIONABLE,13.615350591499999,7.9
614,3,10,Miles Sanders,RB,ACTIVE,12.520298898000002,7.0
615,3,10,Myles Gaskin,RB/WR,ACTIVE,9.4288039125,8.9
616,3,10,Logan Thomas,Bench,INJURY_RESERVE,7.9357575539,10.2
617,3,10,Mac Jones,OP,ACTIVE,12.8558360803,11.600000000000001
618,3,10,Jaylen Waddle,WR,ACTIVE,9.011649379500001,10.8
619,3,10,Chuba Hubbard,Bench,ACTIVE,3.1559688158000005,9.4
620,3,10,Ravens D/ST,Bench,ACTIVE,6.134034336,5.0
621,3,10,Steelers D/ST,Def,ACTIVE,7.2282476430000004,4.0
622,3,10,Rondale Moore,Flex,ACTIVE,10.439844913,0.4
623,3,10,Terrace Marshall Jr.,Bench,ACTIVE,6.009036366,6.800000000000001
624,3,10,Mark Ingram II,Bench,ACTIVE,9.343898927999998,2.5
625,3,10,Darius Slayton,Bench,QUESTIONABLE,8.832869019600002,1.3
626,3,10,Peyton Barber,Bench,ACTIVE,9.785396052500001,20.700000000000003
627,3,11,Aaron Jones,RB,QUESTIONABLE,15.298147491000002,15.600000000000001
628,3,11,Mike Evans,WR,ACTIVE,12.360441605,14.600000000000001
629,3,11,Josh Jacobs,Bench,ACTIVE,0.0,0.0
630,3,11,Deshaun Watson,Bench,ACTIVE,0.0,0.0
631,3,11,Dallas Goedert,TE,OUT,6.782306172,7.6000000000000005
632,3,11,Carson Wentz,QB,ACTIVE,16.264985794,7.76
633,3,11,Michael Gallup,IR,INJURY_RESERVE,0.0,0.0
634,3,11,DeVante Parker,Bench,QUESTIONABLE,9.405892843,6.2
635,3,11,David Johnson,Bench,ACTIVE,6.1193677775,1.1
636,3,11,Sterling Shepard,Flex,QUESTIONABLE,11.1535105931,2.6
637,3,11,Christian Kirk,Bench,ACTIVE,5.9413782543,13.9
638,3,11,Chiefs D/ST,Def,ACTIVE,4.063756186,-1.0
639,3,11,Tyler Lockett,WR,ACTIVE,14.770318972200002,5.1
640,3,11,Daniel Jones,OP,QUESTIONABLE,18.988480293,14.540000000000001
641,3,11,Kenyan Drake,RB/WR,ACTIVE,12.358836040000002,7.200000000000001
642,3,11,Brett Hundley,Bench,ACTIVE,0.0,0.0
643,3,11,Josh Gordon,Bench,ACTIVE,0.0,
644,3,12,Christian McCaffrey,RB,QUESTIONABLE,22.806119494499995,5.0
645,3,12,DeAndre Hopkins,WR,QUESTIONABLE,13.9204059495,3.6
646,3,12,Keenan Allen,RB/WR,ACTIVE,13.228377974899999,15.0
647,3,12,Tua Tagovailoa,Bench,INJURY_RESERVE,0.0,0.0
648,3,12,Robby Anderson,WR,ACTIVE,10.2676690225,1.3
649,3,12,Corey Davis,Bench,ACTIVE,9.4528462005,6.6000000000000005
650,3,12,Jamaal Williams,Bench,QUESTIONABLE,8.172509608,13.7
651,3,12,Marquez Callaway,Bench,ACTIVE,8.072613954000001,12.100000000000001
652,3,12,Austin Hooper,TE,ACTIVE,5.643681925499999,8.9
653,3,12,Colts D/ST,Def,ACTIVE,4.824505543,6.0
654,3,12,Taysom Hill,Bench,QUESTIONABLE,3.72896877762,9.2
655,3,12,Lamar Jackson,QB,QUESTIONABLE,23.268294069,18.28
656,3,12,Sony Michel,Flex,ACTIVE,12.7618439735,9.399999999999999
657,3,12,Jacoby Brissett,OP,QUESTIONABLE,16.972575522,19.299999999999997
658,3,12,Russell Gage,Bench,QUESTIONABLE,0.0,0.0
659,3,12,JaMycal Hasty,IR,INJURY_RESERVE,0.0,0.0
660,3,12,Gabriel Davis,Bench,ACTIVE,4.3866143185,2.8000000000000003
661,3,13,Nick Chubb,RB,QUESTIONABLE,15.803401765000002,8.4
662,3,13,Kyler Murray,QB,QUESTIONABLE,24.706849707000003,18.54
663,3,13,Terry McLaurin,WR,ACTIVE,12.4114692956,8.2
664,3,13,Baker Mayfield,Bench,ACTIVE,15.45067853,16.939999999999998
665,3,13,Brandon Aiyuk,Bench,ACTIVE,6.4912525267,12.5
666,3,13,Courtland Sutton,Flex,ACTIVE,12.227161322299999,6.2
667,3,13,Melvin Gordon III,Bench,QUESTIONABLE,9.803570861000003,14.6
668,3,13,Teddy Bridgewater,OP,ACTIVE,17.952128945,11.8
669,3,13,Robert Tonyan,TE,QUESTIONABLE,7.304422992500001,1.1
670,3,13,Broncos D/ST,Def,ACTIVE,7.834072914000001,17.0
671,3,13,Zach Pascal,Bench,ACTIVE,8.4142258565,4.1
672,3,13,K.J. Osborn,Bench,ACTIVE,9.249925818,3.6
673,3,13,Damien Harris,RB/WR,QUESTIONABLE,11.856129344500001,2.1000000000000005
674,3,13,James Conner,Bench,ACTIVE,8.2221046896,17.8
675,3,13,Justin Jefferson,WR,QUESTIONABLE,13.062065737500001,22.3
676,3,13,Jacques Patrick,Bench,ACTIVE,4.7119635734999985,0.0
677,3,14,Alvin Kamara,RB,ACTIVE,16.6231585215,19.299999999999997
678,3,14,Cooper Kupp,WR,ACTIVE,15.0381242053,26.1
679,3,14,Julio Jones,RB/WR,ACTIVE,11.2756071795,6.2
680,3,14,Ryan Fitzpatrick,IR,INJURY_RESERVE,0.0,0.0
681,3,14,Chase Claypool,WR,QUESTIONABLE,12.0089037038,14.100000000000001
682,3,14,Tyler Higbee,TE,ACTIVE,9.140755586000001,11.5
683,3,14,Mike Gesicki,Bench,ACTIVE,6.0526678425,13.6
684,3,14,49ers D/ST,Bench,ACTIVE,5.4863634590000006,0.0
685,3,14,A.J. Green,Bench,ACTIVE,7.573212525500001,13.700000000000001
686,3,14,Marquez Valdes-Scantling,Bench,INJURY_RESERVE,7.188313147000001,13.4
687,3,14,Tyrod Taylor,Bench,INJURY_RESERVE,0.0,0.0
688,3,14,Derek Carr,QB,ACTIVE,18.2717759345,21.24
689,3,14,Ty'Son Williams,Flex,ACTIVE,11.917375619500001,2.2
690,3,14,Taylor Heinicke,OP,ACTIVE,14.968971855,20.88
691,3,14,Ja'Marr Chase,Bench,ACTIVE,11.951105159099999,20.5
692,3,14,Raiders D/ST,Def,ACTIVE,6.756733123999999,5.0
693,3,14,Andy Dalton,Bench,ACTIVE,0.0,0.0
694,4,1,Joe Mixon,RB,QUESTIONABLE,18.292313142500007,13.2
695,4,1,James Robinson,Flex,ACTIVE,13.226038231999999,20.1
696,4,1,CeeDee Lamb,WR,ACTIVE,13.0354378431,2.3
697,4,1,Trey Lance,Bench,QUESTIONABLE,2.52571201558,20.380000000000003
698,4,1,William Fuller V,Bench,INJURY_RESERVE,8.5767053255,1.1
699,4,1,Sam Darnold,QB,ACTIVE,15.741155561,31.54
700,4,1,Curtis Samuel,Bench,QUESTIONABLE,8.382174389800001,3.9000000000000004
701,4,1,Elijah Mitchell,Bench,ACTIVE,0.0,0.0
702,4,1,Samaje Perine,Bench,OUT,2.8887892888,2.7
703,4,1,Jeff Wilson Jr.,Bench,OUT,0.0,0.0
704,4,1,Marquise Brown,RB/WR,ACTIVE,10.7043793215,17.1
705,4,1,Stefon Diggs,WR,ACTIVE,14.275574739300001,13.9
706,4,1,Justin Fields,OP,ACTIVE,16.724969573000003,6.26
707,4,1,Cowboys D/ST,Def,ACTIVE,6.652885756,7.0
708,4,1,Logan Thomas,TE,INJURY_RESERVE,7.3451120059,0.0
709,4,1,Darrel Williams,Bench,ACTIVE,4.8372828983,12.799999999999999
710,4,2,Davante Adams,WR,ACTIVE,16.784684043,9.4
711,4,2,DK Metcalf,WR,QUESTIONABLE,15.795560266500003,14.5
712,4,2,Clyde Edwards-Helaire,RB/WR,INJURY_RESERVE,12.417674719,18.400000000000002
713,4,2,Amari Cooper,Bench,ACTIVE,12.5261880043,14.4
714,4,2,Kyle Pitts,TE,ACTIVE,7.730454282499999,7.0
715,4,2,Kirk Cousins,QB,ACTIVE,17.5338304469,10.120000000000001
716,4,2,Darrell Henderson Jr.,RB,ACTIVE,13.487794013,14.100000000000001
717,4,2,Tyler Boyd,Bench,ACTIVE,11.608779023899997,16.3
718,4,2,Deebo Samuel,Flex,ACTIVE,13.628730322200003,31.700000000000003
719,4,2,DJ Chark Jr.,Bench,INJURY_RESERVE,9.7295013615,0.0
720,4,2,Nyheim Hines,Bench,ACTIVE,9.371934428000001,0.10000000000000009
721,4,2,Tyrell Williams,IR,INJURY_RESERVE,0.0,0.0
722,4,2,Tony Pollard,Bench,ACTIVE,7.461634477000001,6.7
723,4,2,Jimmy Garoppolo,OP,QUESTIONABLE,15.571329409899999,8.600000000000001
724,4,2,Bears D/ST,Def,ACTIVE,6.079130863,8.0
725,4,2,Dawson Knox,Bench,ACTIVE,5.829178217500001,18.2
726,4,2,Nick Foles,Bench,ACTIVE,0.058085106260000005,0.0
727,4,3,Derrick Henry,RB,ACTIVE,19.808258957499998,24.700000000000003
728,4,3,Calvin Ridley,WR,QUESTIONABLE,13.6834572318,11.5
729,4,3,George Kittle,TE,INJURY_RESERVE,11.562359442,6.0
730,4,3,Matt Ryan,OP,ACTIVE,16.390616615299997,29.02
731,4,3,Chase Edmonds,RB/WR,QUESTIONABLE,11.932761667000001,15.9
732,4,3,Jameis Winston,QB,ACTIVE,14.787502505,13.040000000000001
733,4,3,Brandin Cooks,WR,ACTIVE,12.295806629199998,7.2
734,4,3,Zach Wilson,Bench,ACTIVE,14.553412503799999,16.68
735,4,3,Michael Thomas,IR,OUT,0.0,0.0
736,4,3,Darnell Mooney,Bench,QUESTIONABLE,8.729459321200002,16.0
737,4,3,Rob Gronkowski,Bench,OUT,0.0,0.0
738,4,3,Rams D/ST,Bench,ACTIVE,4.749227737,-4.0
739,4,3,Patriots D/ST,Bench,ACTIVE,3.886806467000001,0.0
740,4,3,Tony Jones Jr.,Bench,INJURY_RESERVE,5.3247827096,1.0
741,4,3,Royce Freeman,Bench,ACTIVE,6.3754430815,1.2000000000000002
742,4,3,Chargers D/ST,Def,ACTIVE,3.879977256,10.0
743,4,3,Nick Westbrook-Ikhine,Flex,ACTIVE,7.567006889500001,4.4
744,4,4,Travis Kelce,TE,ACTIVE,14.8091117185,4.300000000000001
745,4,4,Jonathan Taylor,RB,ACTIVE,14.896817892500001,18.900000000000002
746,4,4,Justin Herbert,OP,ACTIVE,20.501209548,21.28
747,4,4,Tom Brady,QB,ACTIVE,19.783109559400003,11.06
748,4,4,Chris Godwin,Flex,ACTIVE,12.3093028119,7.0
749,4,4,Tee Higgins,IR,ACTIVE,0.0,0.0
750,4,4,DeVonta Smith,WR,ACTIVE,10.830595791,15.700000000000001
751,4,4,Leonard Fournette,RB/WR,ACTIVE,12.1373203315,15.400000000000002
752,4,4,Zack Moss,Bench,ACTIVE,9.503655653000001,12.100000000000001
753,4,4,Michael Carter,Bench,ACTIVE,10.163111869,9.9
754,4,4,Nelson Agholor,Bench,ACTIVE,7.6783957935,7.4
755,4,4,Emmanuel Sanders,WR,ACTIVE,9.221215489999999,10.600000000000001
756,4,4,Bengals D/ST,Def,ACTIVE,7.993812440000001,2.0
757,4,4,Sammy Watkins,Bench,QUESTIONABLE,9.341934824500001,6.9
758,4,4,Falcons D/ST,Bench,ACTIVE,5.386000076999999,-3.0
759,4,4,Brandon Bolden,Bench,ACTIVE,4.5290254493,8.100000000000001
760,4,4,Cameron Brate,Bench,ACTIVE,5.907876976500001,3.9000000000000004
761,4,5,Josh Allen,QB,ACTIVE,24.571372729,19.020000000000003
762,4,5,Najee Harris,RB,ACTIVE,14.89111781,18.1
763,4,5,Allen Robinson II,WR,QUESTIONABLE,11.319740689000001,7.800000000000001
764,4,5,D'Andre Swift,RB/WR,QUESTIONABLE,14.0850153525,6.9
765,4,5,Diontae Johnson,Bench,ACTIVE,12.5843401118,19.700000000000003
766,4,5,DJ Moore,WR,ACTIVE,13.4400390014,27.900000000000002
767,4,5,Odell Beckham Jr.,Flex,ACTIVE,11.616590414220001,4.1
768,4,5,Jonnu Smith,TE,ACTIVE,6.6797050262,8.9
769,4,5,Ronald Jones II,Bench,ACTIVE,7.321139863600001,8.5
770,4,5,Elijah Moore,Bench,ACTIVE,0.0,0.0
771,4,5,Devin Singletary,Bench,ACTIVE,9.1738008645,8.1
772,4,5,Bills D/ST,Def,ACTIVE,7.652469016,21.0
773,4,5,Rashod Bateman,IR,INJURY_RESERVE,0.0,0.0
774,4,5,Jakobi Meyers,Bench,ACTIVE,11.184462878000001,12.8
775,4,5,Ryan Tannehill,OP,ACTIVE,15.812237750000001,18.82
776,4,5,Ty Johnson,Bench,ACTIVE,7.202970479000001,1.3000000000000003
777,4,5,Carlos Hyde,Bench,ACTIVE,0.0,0.0
778,4,6,Austin Ekeler,RB/WR,ACTIVE,15.160051607,28.000000000000004
779,4,6,Antonio Gibson,RB,QUESTIONABLE,14.196050482499999,14.5
780,4,6,A.J. Brown,Bench,ACTIVE,0.0,0.0
781,4,6,Jalen Hurts,QB,ACTIVE,21.712388763,27.18
782,4,6,Ben Roethlisberger,OP,ACTIVE,16.553016287,9.28
783,4,6,T.J. Hockenson,TE,QUESTIONABLE,9.4978488605,6.2
784,4,6,Trey Sermon,Flex,ACTIVE,12.683481845000003,8.9
785,4,6,AJ Dillon,Bench,ACTIVE,5.2676841905,10.2
786,4,6,Jarvis Landry,IR,INJURY_RESERVE,0.0,0.0
787,4,6,Marvin Jones Jr.,WR,ACTIVE,11.763678277,3.9000000000000004
788,4,6,Jalen Reagor,WR,ACTIVE,9.378121204,2.6
789,4,6,J.D. McKissic,Bench,ACTIVE,6.989952133,14.4
790,4,6,Latavius Murray,Bench,ACTIVE,5.0370867851000005,11.9
791,4,6,Tre'Quan Smith,Bench,INJURY_RESERVE,0.0,0.0
792,4,6,Van Jefferson,Bench,ACTIVE,7.391638331999999,18.0
793,4,6,Titans D/ST,Def,ACTIVE,7.028626593000001,4.0
794,4,6,Mason Rudolph,Bench,ACTIVE,0.06816074255999999,0.0
795,4,7,Dalvin Cook,RB,ACTIVE,18.914386040500002,5.4
796,4,7,Russell Wilson,QB,OUT,20.677238939000002,21.56
797,4,7,Matthew Stafford,OP,ACTIVE,19.210014373899998,19.3
798,4,7,Adam Thielen,WR,QUESTIONABLE,12.628820149500001,6.1000000000000005
799,4,7,Mike Davis,RB/WR,ACTIVE,11.8758432855,9.600000000000001
800,4,7,JuJu Smith-Schuster,WR,OUT,11.3300761062,2.1
801,4,7,Antonio Brown,Bench,ACTIVE,9.1792423182,9.8
802,4,7,Alexander Mattison,Bench,QUESTIONABLE,3.2034510682,2.0
803,4,7,Mecole Hardman,Bench,ACTIVE,8.733404913100001,5.1
804,4,7,Cole Beasley,Bench,ACTIVE,9.725416221,2.6
805,4,7,Washington D/ST,Def,ACTIVE,5.586332978,4.0
806,4,7,Jared Cook,TE,ACTIVE,7.382416197,16.0
807,4,7,T.Y. Hilton,IR,INJURY_RESERVE,0.0,0.0
808,4,7,Cordarrelle Patterson,Flex,ACTIVE,10.650429287,32.1
809,4,7,Dalton Schultz,Bench,ACTIVE,5.5510184915,14.8
810,4,7,Anthony Firkser,Bench,ACTIVE,5.368247857,3.8000000000000003
811,4,7,J.J. Taylor,Bench,ACTIVE,3.8721365348999996,-1.5
812,4,8,Ezekiel Elliott,RB,QUESTIONABLE,13.6959775325,20.3
813,4,8,Dak Prescott,QB,ACTIVE,18.029182335,27.02
814,4,8,Chris Carson,RB/WR,QUESTIONABLE,14.061105052000002,3.6
815,4,8,Joe Burrow,OP,ACTIVE,17.310220815,22.32
816,4,8,Mark Andrews,TE,ACTIVE,9.21255373,9.2
817,4,8,Kareem Hunt,Flex,QUESTIONABLE,11.209101723999998,15.600000000000001
818,4,8,Kenny Golladay,WR,DOUBTFUL,10.379091212499999,14.600000000000001
819,4,8,Jared Goff,Bench,ACTIVE,14.2864821953,15.760000000000002
820,4,8,Laviska Shenault Jr.,Bench,ACTIVE,8.4895917118,14.0
821,4,8,Henry Ruggs III,WR,ACTIVE,9.7037656813,7.5
822,4,8,Buccaneers D/ST,Def,ACTIVE,6.851893278,11.0
823,4,8,Jamison Crowder,Bench,ACTIVE,8.273689778000001,15.600000000000001
824,4,8,Hunter Henry,Bench,ACTIVE,6.559842280000001,11.2
825,4,8,Browns D/ST,Bench,ACTIVE,4.817265692,9.0
826,4,8,Quintez Cephus,Bench,INJURY_RESERVE,6.096715069,10.3
827,4,8,Kendrick Bourne,Bench,ACTIVE,6.8421282811,8.3
828,4,9,Saquon Barkley,RB/WR,DOUBTFUL,13.5946946435,26.1
829,4,9,David Montgomery,RB,INJURY_RESERVE,14.6450031545,22.6
830,4,9,Trevor Lawrence,OP,ACTIVE,15.101406834,17.759999999999998
831,4,9,Jerry Jeudy,IR,INJURY_RESERVE,0.0,0.0
832,4,9,Javonte Williams,Bench,ACTIVE,9.411676529,7.4
833,4,9,Noah Fant,TE,ACTIVE,8.087234296,13.600000000000001
834,4,9,Michael Pittman Jr.,Flex,ACTIVE,10.5612589458,8.9
835,4,9,Mike Williams,WR,QUESTIONABLE,13.637393618,1.6
836,4,9,Damien Williams,Bench,OUT,5.7375933585,14.0
837,4,9,Kenneth Gainwell,Bench,ACTIVE,7.634460078000001,17.9
838,4,9,Tim Patrick,Bench,ACTIVE,9.651483384,5.4
839,4,9,Saints D/ST,Def,ACTIVE,7.338395985,-1.0
840,4,9,Davis Mills,Bench,ACTIVE,12.036656404000002,-5.32
841,4,9,Bryan Edwards,Bench,ACTIVE,6.153786671,0.9
842,4,9,Patrick Mahomes,QB,ACTIVE,22.958627101,31.720000000000002
843,4,9,Robert Woods,WR,ACTIVE,11.327564503,12.8
844,4,9,Pat Freiermuth,Bench,ACTIVE,5.073551158499999,1.6
845,4,10,Tyreek Hill,WR,QUESTIONABLE,15.0555737027,42.1
846,4,10,Aaron Rodgers,QB,ACTIVE,18.895869325999996,24.119999999999997
847,4,10,Darren Waller,TE,QUESTIONABLE,13.418352147500002,13.0
848,4,10,Miles Sanders,RB,ACTIVE,12.8795480605,6.2
849,4,10,Myles Gaskin,Flex,ACTIVE,11.2065129365,0.30000000000000004
850,4,10,Mac Jones,OP,ACTIVE,14.422833202000001,16.9
851,4,10,Jaylen Waddle,WR,ACTIVE,8.883257558500002,4.800000000000001
852,4,10,Chuba Hubbard,RB/WR,ACTIVE,12.7556435755,8.1
853,4,10,Ravens D/ST,Def,ACTIVE,5.3794466110000005,12.0
854,4,10,Steelers D/ST,Bench,ACTIVE,4.840240004999998,4.0
855,4,10,Rondale Moore,Bench,ACTIVE,7.791553265200001,5.2
856,4,10,Terrace Marshall Jr.,Bench,ACTIVE,7.5725482695,0.7
857,4,10,Mark Ingram II,Bench,ACTIVE,7.3994595749,2.4000000000000004
858,4,10,Darius Slayton,Bench,QUESTIONABLE,0.0,0.0
859,4,10,Peyton Barber,Bench,ACTIVE,1.3883395531,0.0
860,4,10,Hunter Renfrow,Bench,ACTIVE,9.6335967555,12.5
861,4,11,Aaron Jones,RB,QUESTIONABLE,16.007453322499998,9.400000000000002
862,4,11,Mike Evans,WR,ACTIVE,12.209924516,11.0
863,4,11,Josh Jacobs,RB/WR,ACTIVE,12.4032303765,8.2
864,4,11,Deshaun Watson,Bench,ACTIVE,0.0,0.0
865,4,11,Dallas Goedert,TE,OUT,7.0134271,13.100000000000001
866,4,11,Carson Wentz,QB,ACTIVE,15.153671998,17.92
867,4,11,Michael Gallup,IR,INJURY_RESERVE,0.0,0.0
868,4,11,DeVante Parker,Bench,QUESTIONABLE,8.658327168000001,15.7
869,4,11,David Johnson,Bench,ACTIVE,4.3967242319999995,6.300000000000001
870,4,11,Sterling Shepard,Bench,QUESTIONABLE,0.0,0.0
871,4,11,Christian Kirk,Flex,ACTIVE,8.3927525481,1.0
872,4,11,Tyler Lockett,WR,ACTIVE,13.908423914499998,4.4
873,4,11,Daniel Jones,OP,QUESTIONABLE,16.17385352,26.78
874,4,11,Kenyan Drake,Bench,ACTIVE,8.812289770000001,0.2
875,4,11,Josh Gordon,Bench,ACTIVE,0.0,0.0
876,4,11,Packers D/ST,Def,ACTIVE,5.6308571800000005,9.0
877,4,11,Zach Ertz,Bench,ACTIVE,5.1479830775,9.0
878,4,12,Christian McCaffrey,Bench,QUESTIONABLE,0.0,0.0
879,4,12,DeAndre Hopkins,WR,QUESTIONABLE,13.093956969999999,8.7
880,4,12,Keenan Allen,Flex,ACTIVE,14.2868747053,7.1
881,4,12,Tua Tagovailoa,Bench,INJURY_RESERVE,0.0,0.0
882,4,12,Robby Anderson,WR,ACTIVE,9.518155533,7.4
883,4,12,Corey Davis,RB/WR,ACTIVE,10.648472019500002,18.1
884,4,12,Jamaal Williams,RB,QUESTIONABLE,9.2711395355,6.6000000000000005
885,4,12,Marquez Callaway,Bench,ACTIVE,8.291937677,8.4
886,4,12,Austin Hooper,TE,ACTIVE,6.075708657,1.6
887,4,12,Colts D/ST,Def,ACTIVE,6.00108248,9.0
888,4,12,Taysom Hill,Bench,QUESTIONABLE,4.360301907299999,16.76
889,4,12,Lamar Jackson,OP,QUESTIONABLE,18.665169247,19.44
890,4,12,Sony Michel,Bench,ACTIVE,6.08213615,-0.8999999999999999
891,4,12,Jacoby Brissett,QB,QUESTIONABLE,16.107333664000002,13.76
892,4,12,Russell Gage,Bench,QUESTIONABLE,0.0,0.0
893,4,12,JaMycal Hasty,IR,INJURY_RESERVE,0.0,0.0
894,4,12,Phillip Lindsay,Bench,ACTIVE,3.6122810882000005,-0.1
895,4,13,Nick Chubb,RB,QUESTIONABLE,15.6505011275,11.0
896,4,13,Kyler Murray,QB,QUESTIONABLE,21.856191392,22.62
897,4,13,Terry McLaurin,WR,ACTIVE,12.4728138124,27.3
898,4,13,Baker Mayfield,OP,ACTIVE,16.947521792,9.3
899,4,13,Brandon Aiyuk,RB/WR,ACTIVE,8.590866593,2.0
900,4,13,Courtland Sutton,Flex,ACTIVE,11.369950227,6.2
901,4,13,Melvin Gordon III,Bench,QUESTIONABLE,10.927973802500004,7.700000000000001
902,4,13,Teddy Bridgewater,Bench,ACTIVE,16.807044664000003,6.800000000000001
903,4,13,Robert Tonyan,TE,QUESTIONABLE,6.5941549345,1.8
904,4,13,Broncos D/ST,Bench,ACTIVE,6.372044006000001,0.0
905,4,13,Zach Pascal,Bench,ACTIVE,8.12646363,6.4
906,4,13,K.J. Osborn,Bench,ACTIVE,6.8725187865,5.1
907,4,13,Damien Harris,Bench,QUESTIONABLE,9.816839958000001,3.6
908,4,13,James Conner,Bench,ACTIVE,6.8143176289000005,18.6
909,4,13,Justin Jefferson,WR,QUESTIONABLE,14.298516516,17.4
910,4,13,Dolphins D/ST,Def,ACTIVE,6.610266078,3.0
911,4,14,Alvin Kamara,RB,ACTIVE,19.160167129000005,12.0
912,4,14,Cooper Kupp,WR,ACTIVE,15.665407592400001,8.9
913,4,14,Julio Jones,Bench,ACTIVE,0.0,0.0
914,4,14,Ryan Fitzpatrick,IR,INJURY_RESERVE,0.0,0.0
915,4,14,Chase Claypool,Bench,QUESTIONABLE,0.0,0.0
916,4,14,Tyler Higbee,TE,ACTIVE,7.416656090500001,5.6
917,4,14,Mike Gesicki,Bench,ACTIVE,6.305781594000001,14.2
918,4,14,49ers D/ST,Bench,ACTIVE,4.455107163999999,6.0
919,4,14,A.J. Green,WR,ACTIVE,7.8062170295,15.2
920,4,14,Marquez Valdes-Scantling,Bench,INJURY_RESERVE,0.0,0.0
921,4,14,Tyrod Taylor,Bench,INJURY_RESERVE,0.0,0.0
922,4,14,Derek Carr,QB,ACTIVE,17.7836442287,13.44
923,4,14,Ty'Son Williams,RB/WR,ACTIVE,0.0,0.0
924,4,14,Taylor Heinicke,OP,ACTIVE,17.136443031,27.9
925,4,14,Ja'Marr Chase,Flex,ACTIVE,12.9301503271,10.7
926,4,14,Andy Dalton,Bench,ACTIVE,0.0,0.0
927,4,14,Jets D/ST,Def,ACTIVE,5.445291741,4.0
928,5,1,James Robinson,RB/WR,ACTIVE,14.209660806000002,21.2
929,5,1,CeeDee Lamb,WR,ACTIVE,12.303588192600001,16.8
930,5,1,Trey Lance,QB,QUESTIONABLE,18.478238789000002,14.58
931,5,1,William Fuller V,IR,INJURY_RESERVE,0.0,0.0
932,5,1,Sam Darnold,OP,ACTIVE,18.856566357,6.08
933,5,1,Curtis Samuel,Bench,QUESTIONABLE,7.6504423604000005,0.8
934,5,1,Jeff Wilson Jr.,Bench,OUT,0.0,0.0
935,5,1,Marquise Brown,Flex,ACTIVE,10.9031164857,29.0
936,5,1,Cowboys D/ST,Def,ACTIVE,5.69363858,7.0
937,5,1,Logan Thomas,Bench,INJURY_RESERVE,0.0,0.0
938,5,1,Darrel Williams,Bench,ACTIVE,4.6865274018,6.0
939,5,1,Tyler Conklin,TE,ACTIVE,7.023650418,3.5
940,5,1,Mike Evans,WR,ACTIVE,13.858921603000002,26.3
941,5,1,Christian Kirk,Bench,ACTIVE,6.369193436,7.5
942,5,1,Carson Wentz,Bench,ACTIVE,15.661153356999998,22.580000000000002
943,5,1,Aaron Jones,RB,QUESTIONABLE,14.767939391,12.9
944,5,1,AJ Dillon,Bench,ACTIVE,5.688481712100001,15.9
945,5,2,Davante Adams,WR,ACTIVE,17.945634253,32.1
946,5,2,DK Metcalf,WR,QUESTIONABLE,16.063778783000004,24.3
947,5,2,Clyde Edwards-Helaire,Bench,INJURY_RESERVE,10.265212925500002,2.9000000000000004
948,5,2,Amari Cooper,Flex,ACTIVE,12.0566731445,13.5
949,5,2,Kyle Pitts,TE,ACTIVE,8.6778458495,22.4
950,5,2,Kirk Cousins,QB,ACTIVE,19.4987264216,13.4
951,5,2,Darrell Henderson Jr.,RB,ACTIVE,14.807041952999999,16.400000000000002
952,5,2,Tyler Boyd,Bench,ACTIVE,10.0001878757,4.4
953,5,2,Deebo Samuel,RB/WR,ACTIVE,14.029676240599999,14.600000000000001
954,5,2,Nyheim Hines,Bench,ACTIVE,7.3355082805,1.8
955,5,2,Tyrell Williams,IR,INJURY_RESERVE,0.0,0.0
956,5,2,Tony Pollard,Bench,ACTIVE,8.544051188500001,11.3
957,5,2,Jimmy Garoppolo,Bench,QUESTIONABLE,0.0,0.0
958,5,2,Raiders D/ST,Def,ACTIVE,7.455975799999998,4.0
959,5,2,Kalif Raymond,Bench,ACTIVE,8.4266774575,0.0
960,5,2,Melvin Gordon III,OP,QUESTIONABLE,10.3532625765,5.300000000000001
961,5,2,Maxx Williams,Bench,INJURY_RESERVE,5.854487403,1.9000000000000001
962,5,3,Derrick Henry,RB,ACTIVE,20.455048241000004,31.0
963,5,3,Calvin Ridley,Bench,QUESTIONABLE,0.0,0.0
964,5,3,George Kittle,Bench,INJURY_RESERVE,0.0,0.0
965,5,3,Matt Ryan,OP,ACTIVE,16.2641398057,21.58
966,5,3,Chase Edmonds,RB/WR,QUESTIONABLE,13.2575124815,2.9000000000000004
967,5,3,Jameis Winston,QB,ACTIVE,15.092468643,25.759999999999998
968,5,3,Brandin Cooks,WR,ACTIVE,12.9822208784,3.8000000000000003
969,5,3,Zach Wilson,Bench,ACTIVE,14.886079944,7.9799999999999995
970,5,3,Michael Thomas,IR,OUT,0.0,0.0
971,5,3,Darnell Mooney,Flex,QUESTIONABLE,9.6673671199,5.0
972,5,3,Rob Gronkowski,Bench,OUT,0.0,0.0
973,5,3,Rams D/ST,Bench,ACTIVE,4.392158221999999,6.0
974,5,3,Patriots D/ST,Def,ACTIVE,7.574645738000001,3.0
975,5,3,Jeremy McNichols,Bench,QUESTIONABLE,5.138404712100001,4.5
976,5,3,Olamide Zaccheaus,WR,ACTIVE,7.657832847,3.0
977,5,3,Ross Dwelley,TE,ACTIVE,3.3850105015000005,3.5
978,5,3,Kendrick Bourne,Bench,ACTIVE,6.5040287160000005,5.300000000000001
979,5,4,Travis Kelce,TE,ACTIVE,14.400545601500003,14.7
980,5,4,Jonathan Taylor,RB,ACTIVE,12.7974125805,30.400000000000002
981,5,4,Justin Herbert,OP,ACTIVE,18.957578958,42.82
982,5,4,Tom Brady,QB,ACTIVE,22.786728058100003,37.74
983,5,4,Chris Godwin,Flex,ACTIVE,12.476020723600001,10.5
984,5,4,Tee Higgins,WR,ACTIVE,11.465130253400002,7.7
985,5,4,DeVonta Smith,WR,ACTIVE,10.607045493499998,11.2
986,5,4,Leonard Fournette,RB/WR,ACTIVE,12.2805788125,19.0
987,5,4,Zack Moss,Bench,ACTIVE,10.613332813000001,10.7
988,5,4,Michael Carter,Bench,ACTIVE,11.138187647000002,13.3
989,5,4,Nelson Agholor,Bench,ACTIVE,7.0056504813,4.7
990,5,4,Emmanuel Sanders,Bench,ACTIVE,10.2391415442,18.9
991,5,4,Bengals D/ST,Bench,ACTIVE,4.980320564,-1.0
992,5,4,Sammy Watkins,Bench,QUESTIONABLE,8.33427252,4.5
993,5,4,Falcons D/ST,Def,ACTIVE,7.067710522999998,7.0
994,5,4,Brandon Bolden,Bench,ACTIVE,6.921362256,5.1
995,5,5,Josh Allen,QB,ACTIVE,25.771856953,36.5
996,5,5,Najee Harris,RB,ACTIVE,14.605203855000001,21.200000000000003
997,5,5,Allen Robinson II,Bench,QUESTIONABLE,10.5140029945,5.2
998,5,5,D'Andre Swift,RB/WR,QUESTIONABLE,14.224695679,19.400000000000002
999,5,5,Diontae Johnson,WR,ACTIVE,12.787026911,14.2
1000,5,5,DJ Moore,WR,ACTIVE,14.7684217446,6.300000000000001
1001,5,5,Odell Beckham Jr.,Bench,ACTIVE,10.77096148234,3.0
1002,5,5,Jonnu Smith,TE,ACTIVE,6.4891628026,4.2
1003,5,5,Ronald Jones II,Bench,ACTIVE,5.727731864900001,4.1
1004,5,5,Elijah Moore,Bench,ACTIVE,8.047726228499998,0.0
1005,5,5,Devin Singletary,Bench,ACTIVE,8.3011933105,2.8
1006,5,5,Bills D/ST,Def,ACTIVE,4.107956915000001,12.0
1007,5,5,Rashod Bateman,IR,INJURY_RESERVE,3.9645745645,0.0
1008,5,5,Jakobi Meyers,Flex,ACTIVE,10.97740391578,7.6000000000000005
1009,5,5,Ryan Tannehill,OP,ACTIVE,18.076075395,13.98
1010,5,5,Ty Johnson,Bench,ACTIVE,5.670827582500001,10.399999999999999
1011,5,5,Davis Mills,Bench,ACTIVE,10.985608507000002,24.68
1012,5,6,Austin Ekeler,RB/WR,ACTIVE,14.5958925265,29.400000000000002
1013,5,6,Antonio Gibson,RB,QUESTIONABLE,11.819848565000003,20.2
1014,5,6,A.J. Brown,WR,ACTIVE,13.732249571300002,5.300000000000001
1015,5,6,Jalen Hurts,QB,ACTIVE,18.874008017,21.92
1016,5,6,Ben Roethlisberger,OP,ACTIVE,12.9180989192,16.020000000000003
1017,5,6,T.J. Hockenson,TE,QUESTIONABLE,10.184787594000001,3.2
1018,5,6,Trey Sermon,Bench,ACTIVE,4.667583881600001,0.7000000000000001
1019,5,6,Jarvis Landry,IR,INJURY_RESERVE,0.0,0.0
1020,5,6,Marvin Jones Jr.,WR,ACTIVE,11.701947058,3.0
1021,5,6,Jalen Reagor,Bench,ACTIVE,8.289462866700001,3.9000000000000004
1022,5,6,J.D. McKissic,Bench,ACTIVE,6.759747384499999,1.2000000000000002
1023,5,6,Latavius Murray,Flex,ACTIVE,10.183161038199998,4.0
1024,5,6,Van Jefferson,Bench,ACTIVE,8.303652340000001,2.1
1025,5,6,Titans D/ST,Def,ACTIVE,5.8465346070000015,5.0
1026,5,6,Mason Rudolph,Bench,ACTIVE,0.05457041642,0.0
1027,5,6,Larry Rountree III,Bench,ACTIVE,4.1700309575,0.0
1028,5,6,Elijah Mitchell,Bench,ACTIVE,9.142267244000001,7.2
1029,5,7,Dalvin Cook,Bench,ACTIVE,0.0,0.0
1030,5,7,Russell Wilson,QB,OUT,21.575492784000005,9.08
1031,5,7,Matthew Stafford,OP,ACTIVE,21.693885739000002,16.5
1032,5,7,Adam Thielen,WR,QUESTIONABLE,12.9676552171,5.0
1033,5,7,Mike Davis,RB,ACTIVE,10.363257069000001,11.100000000000001
1034,5,7,JuJu Smith-Schuster,Bench,OUT,9.0180000146,0.6000000000000001
1035,5,7,Antonio Brown,WR,ACTIVE,11.4370312186,27.9
1036,5,7,Alexander Mattison,Flex,QUESTIONABLE,17.6154546595,22.8
1037,5,7,Mecole Hardman,Bench,ACTIVE,5.9927004805,12.100000000000001
1038,5,7,Cole Beasley,Bench,ACTIVE,9.6375341405,1.0
1039,5,7,Jared Cook,Bench,ACTIVE,8.242847269999999,3.4000000000000004
1040,5,7,T.Y. Hilton,IR,INJURY_RESERVE,0.0,0.0
1041,5,7,Cordarrelle Patterson,RB/WR,ACTIVE,11.6220987105,14.9
1042,5,7,Dalton Schultz,TE,ACTIVE,7.34408537,10.9
1043,5,7,Cardinals D/ST,Def,ACTIVE,6.945820332,7.0
1044,5,7,Panthers D/ST,Bench,ACTIVE,6.190300825999999,10.0
1045,5,7,Chargers D/ST,Bench,ACTIVE,5.185324237000001,-7.0
1046,5,8,Ezekiel Elliott,RB,QUESTIONABLE,16.838528759000003,24.2
1047,5,8,Dak Prescott,QB,ACTIVE,21.742836112,20.68
1048,5,8,Chris Carson,Bench,QUESTIONABLE,0.0,0.0
1049,5,8,Joe Burrow,OP,ACTIVE,17.166417753999998,18.34
1050,5,8,Mark Andrews,TE,ACTIVE,9.5075550495,36.2
1051,5,8,Kareem Hunt,RB/WR,QUESTIONABLE,11.5475472075,23.400000000000002
1052,5,8,Kenny Golladay,WR,DOUBTFUL,10.211433111,0.0
1053,5,8,Jared Goff,Bench,ACTIVE,15.799504949999998,6.120000000000001
1054,5,8,Laviska Shenault Jr.,WR,ACTIVE,9.6245875037,6.300000000000001
1055,5,8,Henry Ruggs III,Bench,ACTIVE,9.6759288437,6.6000000000000005
1056,5,8,Buccaneers D/ST,Def,ACTIVE,7.3582968090000005,8.0
1057,5,8,Jamison Crowder,Bench,ACTIVE,8.780888856,6.4
1058,5,8,Hunter Henry,Bench,ACTIVE,5.7993148670000005,16.5
1059,5,8,Browns D/ST,Bench,ACTIVE,5.1371583670000005,-5.0
1060,5,8,Quintez Cephus,Bench,INJURY_RESERVE,6.176772334,5.300000000000001
1061,5,8,Alex Collins,Flex,ACTIVE,12.277989026999999,8.2
1062,5,9,Saquon Barkley,RB,DOUBTFUL,14.340650642000002,0.9
1063,5,9,David Montgomery,Bench,INJURY_RESERVE,0.0,0.0
1064,5,9,Trevor Lawrence,OP,ACTIVE,17.096733375,21.72
1065,5,9,Jerry Jeudy,IR,INJURY_RESERVE,0.0,0.0
1066,5,9,Javonte Williams,Bench,ACTIVE,9.0233336645,10.100000000000001
1067,5,9,Noah Fant,TE,ACTIVE,8.622259325,3.5
1068,5,9,Michael Pittman Jr.,Flex,ACTIVE,11.4929645677,17.9
1069,5,9,Mike Williams,WR,QUESTIONABLE,12.382790337,32.5
1070,5,9,Damien Williams,RB/WR,OUT,12.7459566575,15.4
1071,5,9,Kenneth Gainwell,Bench,ACTIVE,7.0387512249999995,2.9000000000000004
1072,5,9,Tim Patrick,Bench,ACTIVE,9.3196600435,12.4
1073,5,9,Saints D/ST,Def,ACTIVE,5.723554738,5.0
1074,5,9,Patrick Mahomes,QB,ACTIVE,21.698643253,18.980000000000004
1075,5,9,Robert Woods,WR,ACTIVE,10.905383389,21.0
1076,5,9,Randall Cobb,Bench,ACTIVE,8.064215868500002,4.0
1077,5,9,Khalil Herbert,Bench,ACTIVE,4.6419686155,7.5
1078,5,9,Kadarius Toney,Bench,QUESTIONABLE,8.8543953854,24.6
1079,5,10,Tyreek Hill,WR,QUESTIONABLE,16.2531241034,11.3
1080,5,10,Aaron Rodgers,QB,ACTIVE,19.194212722099998,19.759999999999998
1081,5,10,Darren Waller,TE,QUESTIONABLE,13.1123263625,6.5
1082,5,10,Miles Sanders,RB,ACTIVE,10.210590044,7.6
1083,5,10,Myles Gaskin,Bench,ACTIVE,7.174844855500001,26.9
1084,5,10,Mac Jones,OP,ACTIVE,15.205973213,11.54
1085,5,10,Jaylen Waddle,WR,ACTIVE,10.375206914000001,4.3
1086,5,10,Chuba Hubbard,RB/WR,ACTIVE,12.670619065,15.900000000000002
1087,5,10,Ravens D/ST,Def,ACTIVE,6.470666129000001,0.0
1088,5,10,Steelers D/ST,Bench,ACTIVE,6.230236573000001,3.0
1089,5,10,Rondale Moore,Bench,ACTIVE,6.3146315899,12.200000000000001
1090,5,10,Terrace Marshall Jr.,Bench,ACTIVE,6.509047926,2.4000000000000004
1091,5,10,Mark Ingram II,Bench,ACTIVE,7.6273718334,4.1000000000000005
1092,5,10,Hunter Renfrow,Flex,ACTIVE,9.834727687500001,8.600000000000001
1093,5,10,K.J. Osborn,Bench,ACTIVE,7.987523877799999,2.9000000000000004
1094,5,10,Tajae Sharpe,Bench,ACTIVE,6.727894389,7.300000000000001
1095,5,11,Josh Jacobs,RB/WR,ACTIVE,13.649458032999998,14.700000000000001
1096,5,11,Dallas Goedert,TE,OUT,6.3294384935,3.8000000000000003
1097,5,11,Michael Gallup,IR,INJURY_RESERVE,0.0,0.0
1098,5,11,DeVante Parker,Bench,QUESTIONABLE,0.0,0.0
1099,5,11,David Johnson,Bench,ACTIVE,6.439183367000001,7.6000000000000005
1100,5,11,Sterling Shepard,Bench,QUESTIONABLE,0.0,0.0
1101,5,11,Tyler Lockett,WR,ACTIVE,13.542255697000002,8.2
1102,5,11,Daniel Jones,OP,QUESTIONABLE,19.140193292,4.82
1103,5,11,Kenyan Drake,Bench,ACTIVE,7.655836349,1.1
1104,5,11,Josh Gordon,Bench,ACTIVE,3.8709541865,1.6
1105,5,11,Zach Ertz,Bench,ACTIVE,5.433847675999999,1.2000000000000002
1106,5,11,Justin Fields,QB,ACTIVE,14.276951872,7.84
1107,5,11,Joe Mixon,RB,QUESTIONABLE,12.618250121,10.0
1108,5,11,Samaje Perine,Bench,OUT,6.7583234263,16.3
1109,5,11,Stefon Diggs,WR,ACTIVE,15.565719544800002,7.9
1110,5,11,Vikings D/ST,Def,ACTIVE,5.312825798999999,11.0
1111,5,11,John Ross,Flex,ACTIVE,6.1810476125000005,1.8
1112,5,12,Christian McCaffrey,Bench,QUESTIONABLE,0.0,0.0
1113,5,12,DeAndre Hopkins,WR,QUESTIONABLE,12.440194303500002,17.700000000000003
1114,5,12,Keenan Allen,Flex,ACTIVE,13.199883312499999,10.5
1115,5,12,Tua Tagovailoa,IR,INJURY_RESERVE,0.0,0.0
1116,5,12,Robby Anderson,WR,ACTIVE,9.9313530335,4.0
1117,5,12,Corey Davis,RB/WR,ACTIVE,9.9356316725,6.5
1118,5,12,Jamaal Williams,RB,QUESTIONABLE,9.52162729,7.5
1119,5,12,Marquez Callaway,Bench,ACTIVE,8.3336523245,22.5
1120,5,12,Austin Hooper,Bench,ACTIVE,6.236020467000001,
1121,5,12,Colts D/ST,Def,ACTIVE,4.621182864000001,-3.0
1122,5,12,Taysom Hill,Bench,QUESTIONABLE,5.504743748300001,1.6
1123,5,12,Lamar Jackson,OP,QUESTIONABLE,22.299555434,41.879999999999995
1124,5,12,Sony Michel,Bench,ACTIVE,4.240632399500001,11.0
1125,5,12,Jacoby Brissett,QB,QUESTIONABLE,16.262657309,15.0
1126,5,12,Russell Gage,Bench,QUESTIONABLE,0.0,0.0
1127,5,12,Evan Engram,Bench,ACTIVE,6.5861637572,7.5
1128,5,12,Cameron Brate,TE,ACTIVE,7.169959468,1.7000000000000002
1129,5,13,Nick Chubb,Flex,QUESTIONABLE,14.1894851505,23.5
1130,5,13,Kyler Murray,OP,QUESTIONABLE,23.629481589,11.66
1131,5,13,Terry McLaurin,WR,ACTIVE,13.863341925500002,6.6000000000000005
1132,5,13,Baker Mayfield,Bench,ACTIVE,14.586758889,22.0
1133,5,13,Brandon Aiyuk,Bench,ACTIVE,7.200219254,4.2
1134,5,13,Courtland Sutton,RB/WR,ACTIVE,10.422979669999998,21.5
1135,5,13,Teddy Bridgewater,QB,ACTIVE,15.503714390999999,18.619999999999997
1136,5,13,Robert Tonyan,Bench,QUESTIONABLE,7.247344057499999,1.3
1137,5,13,Broncos D/ST,Def,ACTIVE,7.1243844890000005,2.0
1138,5,13,Zach Pascal,Bench,ACTIVE,8.095912578000002,6.300000000000001
1139,5,13,Damien Harris,RB,QUESTIONABLE,10.516725338000002,9.8
1140,5,13,James Conner,Bench,ACTIVE,12.2747417455,10.200000000000001
1141,5,13,Justin Jefferson,WR,QUESTIONABLE,14.271449316500002,15.9
1142,5,13,Drew Lock,Bench,ACTIVE,0.05037244076,0.0
1143,5,13,Chris Evans,Bench,ACTIVE,1.6254890373000004,2.5
1144,5,13,Dawson Knox,TE,ACTIVE,8.119078281499998,19.200000000000003
1145,5,14,Alvin Kamara,RB,ACTIVE,19.3661357995,26.700000000000003
1146,5,14,Cooper Kupp,WR,ACTIVE,19.581262567800003,12.700000000000001
1147,5,14,Julio Jones,Bench,ACTIVE,0.0,0.0
1148,5,14,Ryan Fitzpatrick,IR,INJURY_RESERVE,0.0,0.0
1149,5,14,Chase Claypool,WR,QUESTIONABLE,9.9488419188,21.5
1150,5,14,Tyler Higbee,TE,ACTIVE,8.788887364499999,8.4
1151,5,14,Mike Gesicki,Bench,ACTIVE,8.4916401555,6.3
1152,5,14,49ers D/ST,Bench,ACTIVE,4.299777898999999,5.0
1153,5,14,A.J. Green,RB/WR,ACTIVE,8.1438996545,1.8
1154,5,14,Marquez Valdes-Scantling,Bench,INJURY_RESERVE,0.0,0.0
1155,5,14,Tyrod Taylor,Bench,INJURY_RESERVE,0.0,0.0
1156,5,14,Derek Carr,QB,ACTIVE,17.4838337789,7.24
1157,5,14,Ty'Son Williams,Bench,ACTIVE,0.0,3.1
1158,5,14,Taylor Heinicke,OP,ACTIVE,16.327461338,9.92
1159,5,14,Ja'Marr Chase,Flex,ACTIVE,12.071808384,24.9
1160,5,14,Andy Dalton,Bench,ACTIVE,0.05023490068,0.32
1161,5,14,Jets D/ST,Def,ACTIVE,5.974438715000001,0.0
1162,6,1,James Robinson,RB,ACTIVE,15.471113785,
1163,6,1,CeeDee Lamb,Flex,ACTIVE,11.933728030400001,
1164,6,1,Trey Lance,Bench,QUESTIONABLE,0.0,
1165,6,1,William Fuller V,IR,INJURY_RESERVE,0.0,
1166,6,1,Sam Darnold,OP,ACTIVE,16.130813008,
1167,6,1,Curtis Samuel,Bench,QUESTIONABLE,0.0,
1168,6,1,Jeff Wilson Jr.,Bench,OUT,0.0,
1169,6,1,Marquise Brown,WR,ACTIVE,12.068264637399999,
1170,6,1,Cowboys D/ST,Def,ACTIVE,7.196922599000001,
1171,6,1,Logan Thomas,Bench,INJURY_RESERVE,0.0,
1172,6,1,Mike Evans,WR,ACTIVE,14.1771986495,
1173,6,1,Christian Kirk,Bench,ACTIVE,7.2814461251,
1174,6,1,Carson Wentz,QB,ACTIVE,16.862054078,
1175,6,1,Aaron Jones,RB/WR,QUESTIONABLE,14.792416757500002,
1176,6,1,AJ Dillon,Bench,ACTIVE,7.463925585500001,
1177,6,1,A.J. Green,Bench,ACTIVE,7.325930434,
1178,6,1,Mike Gesicki,TE,ACTIVE,8.872469690500001,
1179,6,2,Davante Adams,WR,ACTIVE,18.069159202,
1180,6,2,DK Metcalf,WR,QUESTIONABLE,15.042451153499998,
1181,6,2,Clyde Edwards-Helaire,IR,INJURY_RESERVE,0.0,
1182,6,2,Amari Cooper,Flex,ACTIVE,11.5979684845,
1183,6,2,Kyle Pitts,Bench,ACTIVE,0.0,
1184,6,2,Kirk Cousins,QB,ACTIVE,15.069026799700001,
1185,6,2,Darrell Henderson Jr.,RB,ACTIVE,15.126182670499999,
1186,6,2,Tyler Boyd,Bench,ACTIVE,8.848810133,
1187,6,2,Deebo Samuel,Bench,ACTIVE,0.0,
1188,6,2,Nyheim Hines,Bench,ACTIVE,6.7571410494999995,
1189,6,2,Tony Pollard,OP,ACTIVE,9.014591988500001,
1190,6,2,Jimmy Garoppolo,Bench,QUESTIONABLE,0.0,
1191,6,2,Raiders D/ST,Def,ACTIVE,5.494588036000001,
1192,6,2,Melvin Gordon III,RB/WR,QUESTIONABLE,10.248553198000003,
1193,6,2,Ricky Seals-Jones,TE,ACTIVE,6.873380984000001,
1194,6,2,Mike Glennon,Bench,ACTIVE,0.05743774506,
1195,6,2,Giovani Bernard,Bench,ACTIVE,3.7757271994,
1196,6,3,Derrick Henry,RB,ACTIVE,16.571428034000004,
1197,6,3,Calvin Ridley,Bench,QUESTIONABLE,0.0,
1198,6,3,George Kittle,Bench,INJURY_RESERVE,0.0,
1199,6,3,Jameis Winston,Bench,ACTIVE,0.0,
1200,6,3,Brandin Cooks,WR,ACTIVE,13.4758521179,
1201,6,3,Zach Wilson,Bench,ACTIVE,0.0,
1202,6,3,Michael Thomas,IR,OUT,0.0,
1203,6,3,Darnell Mooney,Flex,QUESTIONABLE,9.212150083200001,
1204,6,3,Rob Gronkowski,Bench,OUT,0.0,
1205,6,3,Rams D/ST,Def,ACTIVE,4.617362262,
1206,6,3,Jeremy McNichols,Bench,QUESTIONABLE,4.4929558792,
1207,6,3,Devontae Booker,OP,ACTIVE,13.015073289,
1208,6,3,Mason Rudolph,Bench,ACTIVE,0.06381591804,
1209,6,3,Ben Roethlisberger,QB,ACTIVE,15.2657404961,
1210,6,3,Mo Alie-Cox,TE,ACTIVE,4.532328222,
1211,6,3,Damien Harris,RB/WR,QUESTIONABLE,0.0,
1212,6,3,Courtland Sutton,WR,ACTIVE,11.032233735500002,
1213,6,4,Travis Kelce,TE,ACTIVE,15.815503973999999,
1214,6,4,Jonathan Taylor,RB/WR,ACTIVE,14.8749678425,
1215,6,4,Justin Herbert,OP,ACTIVE,23.998347228,
1216,6,4,Tom Brady,QB,ACTIVE,22.840363754500004,
1217,6,4,Chris Godwin,WR,ACTIVE,12.277607220500002,
1218,6,4,Tee Higgins,Flex,ACTIVE,11.231883494,
1219,6,4,DeVonta Smith,WR,ACTIVE,11.7429097005,
1220,6,4,Leonard Fournette,RB,ACTIVE,12.496479178500003,
1221,6,4,Michael Carter,Bench,ACTIVE,0.0,
1222,6,4,Nelson Agholor,Bench,ACTIVE,6.621805543300001,
1223,6,4,Emmanuel Sanders,Bench,ACTIVE,10.585927277700002,
1224,6,4,Bengals D/ST,Def,ACTIVE,6.298105862000001,
1225,6,4,Sammy Watkins,Bench,QUESTIONABLE,8.290685049,
1226,6,4,Brandon Bolden,Bench,ACTIVE,6.747528807500001,
1227,6,4,Jared Cook,Bench,ACTIVE,8.183798053,
1228,6,4,Baker Mayfield,Bench,ACTIVE,14.896645675000002,
1229,6,5,Josh Allen,QB,ACTIVE,25.081952462,
1230,6,5,Najee Harris,RB/WR,ACTIVE,19.915592361,
1231,6,5,Allen Robinson II,Bench,QUESTIONABLE,9.578143326,
1232,6,5,D'Andre Swift,RB,QUESTIONABLE,13.983746527,
1233,6,5,Diontae Johnson,Flex,ACTIVE,12.665174943500002,
1234,6,5,DJ Moore,WR,ACTIVE,14.092869301000002,
1235,6,5,Odell Beckham Jr.,WR,ACTIVE,10.36068921038,
1236,6,5,Jonnu Smith,TE,ACTIVE,6.145738345200002,
1237,6,5,Ronald Jones II,Bench,ACTIVE,5.168121654900001,
1238,6,5,Devin Singletary,Bench,ACTIVE,7.7397757095,
1239,6,5,Bills D/ST,Def,ACTIVE,6.65787988,
1240,6,5,Rashod Bateman,Bench,INJURY_RESERVE,2.5906797035,
1241,6,5,Jakobi Meyers,Bench,ACTIVE,11.539941686759999,
1242,6,5,Ryan Tannehill,OP,ACTIVE,15.298612681000002,
1243,6,5,Ty Johnson,Bench,ACTIVE,0.0,
1244,6,5,Davis Mills,Bench,ACTIVE,14.270186479500001,
1245,6,5,Tarik Cohen,IR,OUT,0.0,
1246,6,6,Austin Ekeler,RB/WR,ACTIVE,17.531839625,
1247,6,6,Antonio Gibson,RB,QUESTIONABLE,14.703927788000001,
1248,6,6,A.J. Brown,WR,ACTIVE,11.641089734100001,
1249,6,6,Jalen Hurts,QB,ACTIVE,20.902761268,
1250,6,6,T.J. Hockenson,TE,QUESTIONABLE,8.6334896065,
1251,6,6,Trey Sermon,Bench,ACTIVE,0.0,
1252,6,6,Jarvis Landry,IR,INJURY_RESERVE,0.0,
1253,6,6,Marvin Jones Jr.,WR,ACTIVE,9.6689255845,
1254,6,6,Jalen Reagor,Bench,ACTIVE,8.5269078086,
1255,6,6,J.D. McKissic,Flex,ACTIVE,6.789815604500001,
1256,6,6,Latavius Murray,OP,ACTIVE,8.643764126999999,
1257,6,6,Van Jefferson,Bench,ACTIVE,7.332861873000001,
1258,6,6,Elijah Mitchell,Bench,ACTIVE,0.0,
1259,6,6,Packers D/ST,Def,ACTIVE,6.089349072999999,
1260,6,6,Quez Watkins,Bench,ACTIVE,7.266316616500001,
1261,6,6,Matt Ryan,Bench,ACTIVE,0.0,
1262,6,6,Carlos Hyde,Bench,ACTIVE,3.6860202266,
1263,6,7,Dalvin Cook,RB,ACTIVE,16.360312426500002,
1264,6,7,Russell Wilson,IR,OUT,0.0,
1265,6,7,Matthew Stafford,QB,ACTIVE,21.185231104000003,
1266,6,7,Adam Thielen,WR,QUESTIONABLE,11.4067002505,
1267,6,7,Mike Davis,Bench,ACTIVE,0.0,
1268,6,7,Antonio Brown,WR,ACTIVE,11.708035282,
1269,6,7,Alexander Mattison,Bench,QUESTIONABLE,3.4451045787,
1270,6,7,Mecole Hardman,RB/WR,ACTIVE,8.5224996644,
1271,6,7,T.Y. Hilton,Bench,INJURY_RESERVE,0.0,
1272,6,7,Cordarrelle Patterson,Bench,ACTIVE,0.0,
1273,6,7,Dalton Schultz,TE,ACTIVE,8.981481934,
1274,6,7,Cardinals D/ST,Bench,ACTIVE,4.763681376,
1275,6,7,Panthers D/ST,Def,ACTIVE,5.7010676060000005,
1276,6,7,Chargers D/ST,Bench,ACTIVE,3.8038815699999997,
1277,6,7,Geno Smith,OP,ACTIVE,15.806892412,
1278,6,7,Jerick McKinnon,Flex,ACTIVE,5.0832234430000005,
1279,6,7,David Njoku,Bench,QUESTIONABLE,5.565630727500001,
1280,6,8,Ezekiel Elliott,RB,QUESTIONABLE,14.861475618000002,
1281,6,8,Dak Prescott,QB,ACTIVE,19.212128628000002,
1282,6,8,Chris Carson,Flex,QUESTIONABLE,10.698132891000002,
1283,6,8,Joe Burrow,OP,ACTIVE,18.096770059,
1284,6,8,Mark Andrews,TE,ACTIVE,12.0807826595,
1285,6,8,Kareem Hunt,RB/WR,QUESTIONABLE,13.213997173500001,
1286,6,8,Kenny Golladay,Bench,DOUBTFUL,0.0,
1287,6,8,Jared Goff,Bench,ACTIVE,13.8484645632,
1288,6,8,Laviska Shenault Jr.,WR,ACTIVE,8.924128367600002,
1289,6,8,Buccaneers D/ST,Def,ACTIVE,5.852112926,
1290,6,8,Jamison Crowder,Bench,ACTIVE,0.0,
1291,6,8,Hunter Henry,Bench,ACTIVE,7.489686997,
1292,6,8,Browns D/ST,Bench,ACTIVE,4.656879625999999,
1293,6,8,Alex Collins,Bench,ACTIVE,4.5188197483999994,
1294,6,8,Robby Anderson,WR,ACTIVE,9.0816327803,
1295,6,8,Bryan Edwards,Bench,ACTIVE,6.3499015505,
1296,6,9,Saquon Barkley,Bench,DOUBTFUL,0.0,
1297,6,9,David Montgomery,Bench,INJURY_RESERVE,0.0,
1298,6,9,Trevor Lawrence,OP,ACTIVE,17.630523129,
1299,6,9,Jerry Jeudy,IR,INJURY_RESERVE,0.0,
1300,6,9,Javonte Williams,Flex,ACTIVE,9.594690639,
1301,6,9,Noah Fant,TE,ACTIVE,8.0629879455,
1302,6,9,Michael Pittman Jr.,WR,ACTIVE,11.575529521100002,
1303,6,9,Mike Williams,RB/WR,QUESTIONABLE,15.628463305500002,
1304,6,9,Damien Williams,Bench,OUT,0.0,
1305,6,9,Kenneth Gainwell,Bench,ACTIVE,7.959704044,
1306,6,9,Tim Patrick,Bench,ACTIVE,9.841603315999999,
1307,6,9,Saints D/ST,Def,ACTIVE,,
1308,6,9,Patrick Mahomes,QB,ACTIVE,25.776797981999998,
1309,6,9,Robert Woods,WR,ACTIVE,12.3625510879,
1310,6,9,Khalil Herbert,RB,ACTIVE,12.829520211500002,
1311,6,9,Kadarius Toney,Bench,QUESTIONABLE,10.9674418074,
1312,6,9,Dan Arnold,Bench,ACTIVE,6.015360022,
1313,6,10,Tyreek Hill,WR,QUESTIONABLE,18.3353943714,
1314,6,10,Aaron Rodgers,QB,ACTIVE,18.5793889668,
1315,6,10,Darren Waller,TE,QUESTIONABLE,12.198344889,
1316,6,10,Miles Sanders,RB,ACTIVE,10.6528094655,
1317,6,10,Myles Gaskin,RB/WR,ACTIVE,10.955113534,
1318,6,10,Mac Jones,OP,ACTIVE,14.157017020800001,
1319,6,10,Jaylen Waddle,WR,ACTIVE,8.9289047721,
1320,6,10,Chuba Hubbard,Bench,ACTIVE,2.0982888334,
1321,6,10,Ravens D/ST,Bench,ACTIVE,3.5538868560000005,
1322,6,10,Steelers D/ST,Def,ACTIVE,6.417479288999999,
1323,6,10,Rondale Moore,Flex,ACTIVE,7.7636848173,
1324,6,10,Terrace Marshall Jr.,Bench,ACTIVE,6.0305218825,
1325,6,10,Mark Ingram II,Bench,ACTIVE,7.726423437199999,
1326,6,10,Hunter Renfrow,Bench,ACTIVE,10.099208505499998,
1327,6,10,Tajae Sharpe,Bench,ACTIVE,0.0,
1328,6,10,Chris Moore,Bench,ACTIVE,3.4665774179999995,
1329,6,11,Josh Jacobs,Flex,ACTIVE,12.4319190455,
1330,6,11,Dallas Goedert,Bench,OUT,0.0,
1331,6,11,Michael Gallup,IR,INJURY_RESERVE,0.0,
1332,6,11,DeVante Parker,Bench,QUESTIONABLE,11.202616589000002,
1333,6,11,Sterling Shepard,WR,QUESTIONABLE,11.114718719999999,
1334,6,11,Tyler Lockett,WR,ACTIVE,13.608988333,
1335,6,11,Daniel Jones,OP,QUESTIONABLE,18.984205439000004,
1336,6,11,Kenyan Drake,Bench,ACTIVE,4.828170469,
1337,6,11,Josh Gordon,Bench,ACTIVE,5.0321644464999995,
1338,6,11,Zach Ertz,TE,ACTIVE,8.4026189405,
1339,6,11,Justin Fields,QB,ACTIVE,14.142483838,
1340,6,11,Joe Mixon,RB,QUESTIONABLE,16.5841205745,
1341,6,11,Samaje Perine,Bench,OUT,4.7354949922,
1342,6,11,Stefon Diggs,RB/WR,ACTIVE,14.384668803499999,
1343,6,11,Vikings D/ST,Def,ACTIVE,6.001752005,
1344,6,11,Deshaun Watson,Bench,ACTIVE,0.0,
1345,6,11,James Washington,Bench,QUESTIONABLE,4.899089325,
1346,6,12,Christian McCaffrey,RB/WR,QUESTIONABLE,22.090441755999997,
1347,6,12,DeAndre Hopkins,WR,QUESTIONABLE,13.498791240500001,
1348,6,12,Keenan Allen,WR,ACTIVE,14.381513207,
1349,6,12,Tua Tagovailoa,QB,INJURY_RESERVE,17.406754092,
1350,6,12,Corey Davis,Bench,ACTIVE,0.0,
1351,6,12,Jamaal Williams,RB,QUESTIONABLE,8.9429031325,
1352,6,12,Marquez Callaway,Bench,ACTIVE,0.0,
1353,6,12,Austin Hooper,Bench,ACTIVE,4.687694628,
1354,6,12,Colts D/ST,Def,ACTIVE,6.701828480999999,
1355,6,12,Taysom Hill,Bench,QUESTIONABLE,0.0,
1356,6,12,Lamar Jackson,OP,QUESTIONABLE,23.483295064,
1357,6,12,Sony Michel,Bench,ACTIVE,4.716546499899999,
1358,6,12,Jacoby Brissett,Bench,QUESTIONABLE,0.44977866858000004,
1359,6,12,Russell Gage,Bench,QUESTIONABLE,0.0,
1360,6,12,Evan Engram,TE,ACTIVE,5.4387366338000005,
1361,6,12,Henry Ruggs III,Flex,ACTIVE,8.972700361000001,
1362,6,13,Nick Chubb,RB,QUESTIONABLE,14.2730434084,
1363,6,13,Kyler Murray,QB,QUESTIONABLE,22.245341839000005,
1364,6,13,Terry McLaurin,WR,ACTIVE,15.3261694015,
1365,6,13,Brandon Aiyuk,Bench,ACTIVE,0.0,
1366,6,13,Teddy Bridgewater,OP,ACTIVE,16.231126052,
1367,6,13,Broncos D/ST,Def,ACTIVE,5.575479679000001,
1368,6,13,Zach Pascal,Bench,ACTIVE,7.6811236444999995,
1369,6,13,James Conner,Bench,ACTIVE,9.896158178500002,
1370,6,13,Justin Jefferson,WR,QUESTIONABLE,13.254755139499999,
1371,6,13,Dawson Knox,TE,ACTIVE,9.216842955,
1372,6,13,Zack Moss,RB/WR,ACTIVE,11.230575156500002,
1373,6,13,Amon-Ra St. Brown,Bench,ACTIVE,5.943405380500001,
1374,6,13,Anthony Firkser,Bench,ACTIVE,5.427960216,
1375,6,13,Tony Jones Jr.,IR,INJURY_RESERVE,0.0,
1376,6,13,Rhamondre Stevenson,Bench,ACTIVE,7.750605913700001,
1377,6,13,Chase Edmonds,Flex,QUESTIONABLE,11.9329927515,
1378,6,13,Demetric Felton,Bench,ACTIVE,1.5493707589,
1379,6,14,Alvin Kamara,Bench,ACTIVE,0.0,
1380,6,14,Cooper Kupp,WR,ACTIVE,18.730175798500003,
1381,6,14,Julio Jones,RB/WR,ACTIVE,9.851495044000002,
1382,6,14,Ryan Fitzpatrick,IR,INJURY_RESERVE,0.0,
1383,6,14,Chase Claypool,WR,QUESTIONABLE,12.108278518699999,
1384,6,14,Tyler Higbee,TE,ACTIVE,7.890320016,
1385,6,14,49ers D/ST,Bench,ACTIVE,,
1386,6,14,Marquez Valdes-Scantling,Bench,INJURY_RESERVE,0.0,
1387,6,14,Tyrod Taylor,Bench,INJURY_RESERVE,0.0,
1388,6,14,Derek Carr,QB,ACTIVE,15.779002764399998,
1389,6,14,Ty'Son Williams,Bench,ACTIVE,1.8437174701000003,
1390,6,14,Taylor Heinicke,OP,ACTIVE,20.210520274,
1391,6,14,Ja'Marr Chase,Flex,ACTIVE,12.971869654599999,
1392,6,14,Andy Dalton,Bench,ACTIVE,0.04879225562,
1393,6,14,Bears D/ST,Def,ACTIVE,4.626772857000001,
1394,6,14,Darrel Williams,RB,ACTIVE,11.7022358595,
1395,6,14,Tyler Conklin,Bench,ACTIVE,5.9687239495,
